personId,claimId,admitDate,dischargeDate,drg,dx1,dx2,dx3,dx4,dx5,dx6,dx7,dx8,dx9,dx10,dx11,dx12,dx13,dx14,dx15,dxE1,icdProc1,icdProc2,icdProc3,icdProc4,icdProc5,icdProc6,icdProc7,icdProc8,icdProc9,icdProc10,cost,edAdmit
c1ba927fb6d92cfe,aefde08ab8bb5460,2018-10-30T00:00:00.000-05:00,2018-11-09T00:00:00.000-06:00,264,I2119,G546,I2720,N071,I4510,I129,I444,I744,S0532XD,Z0471,Z046,T3309XA,N5231,,,,0JH835Z,02HK0MZ,02H64JZ,0T9670Z,,,,,,,11861.7,True
ca6bfe760572c820,c5b734d756438656,2017-05-14T00:00:00.000-05:00,2017-05-17T00:00:00.000-05:00,55,I6201,Z9352,J9600,I151,I2602,I248,M61432,R809,C44501,,M60129,,,,,,,,,,,,,,,,6474.94,True
ca6bfe760572c820,853bc8bfa326acd9,2017-06-18T00:00:00.000-05:00,2017-06-21T00:00:00.000-05:00,471,S82002C,S92426D,I409,I5084,I472,Q253,I280,,I719,I120,M6100,T45606A,D0330,N390,,,,,,,,,,,,,5806.56,True
ca6bfe760572c820,d0de7b57f83b6c58,2017-10-12T00:00:00.000-05:00,2017-10-15T00:00:00.000-05:00,245,B5881,Z9912,Z950,Q279,I213,N262,R860,,M71439,,,,,,,,,,,,,,,,,,8925.64,True
cd517bfb4ecaa586,b924caa27d2841fd,2018-06-11T00:00:00.000-05:00,2018-06-13T00:00:00.000-05:00,289,A3951,I221,I300,,I1311,Z6854,E7211,,I5021,E869,Z749,,,,,,,,,,,,,,,,1941.76,False
332371849cc082d7,4e81dd9725d3070e,2017-10-31T00:00:00.000-05:00,2017-11-05T00:00:00.000-05:00,872,B9623,J203,J410,J80,Z681,I674,G210,J9621,Z44029,,,,,,,,,,,,,,,,,,11775.9,False
9056e6f201a68c0e,06e07643d781fb8b,2017-03-28T00:00:00.000-05:00,2017-04-02T00:00:00.000-05:00,480,S42441B,I674,D0502,B5731,E785,M08059,R0481,,,,,,,,,,,,,,,,,,,,8023.22,True
9056e6f201a68c0e,a6c43ae3b6bbf5ce,2017-05-06T00:00:00.000-05:00,2017-05-09T00:00:00.000-05:00,533,T85695A,J8401,I160,N170,C50129,I8510,E783,M02072,Z72811,Z574,,,,,,,0J9M30Z,04H143Z,,,,,,,,,3933.96,False
a7fd7ac593546994,02cd13efffe32b3a,2018-06-09T00:00:00.000-05:00,2018-06-11T00:00:00.000-05:00,499,M1210,M84519A,I152,G5681,,,,,,,,,,,,,0SUD3JZ,,,,,,,,,,13437.93,False
cf7e65d9f8699fb0,6ffcf4f1b84a8faa,2018-02-21T00:00:00.000-06:00,2018-02-24T00:00:00.000-06:00,538,M47892,E103559,H4020X2,M545,I119,E083552,H31022,E784,,,,,,,,,,,,,,,,,,,6746.67,True
d53ce2a85365d6f1,72b2e548801b6ac1,2017-10-05T00:00:00.000-05:00,2017-10-08T00:00:00.000-05:00,197,J9621,J690,F72,N072,S1989XS,F22,J449,,G40911,Z434,B530,Z72810,N062,N010,N4402,,,,,,,,,,,,3320.77,True
3eb5bb7f2c396ae7,b20bbb1ba656c32f,2017-03-22T00:00:00.000-05:00,2017-03-25T00:00:00.000-05:00,181,J471,G2579,I151,E782,K226,K588,E869,I776,N3031,R8789,,,,,,,,,,,,,,,,,4369.12,True
79f3574169bd020c,a5604234dbfa5020,2017-11-24T00:00:00.000-06:00,2017-11-24T00:00:00.000-06:00,638,E65,E870,E0530,K904,I160,M12232,E869,F19151,K55062,,,,,,,,,,,,,,,,,,7729.1,True
79f3574169bd020c,557068215c592ec8,2018-03-06T00:00:00.000-06:00,2018-03-09T00:00:00.000-06:00,369,R1907,E872,I151,E001,E861,G7111,F19922,,,,,,,,,,,,,,,,,,,,4617.42,True
79f3574169bd020c,4337a4757ebacf2d,2018-03-24T00:00:00.000-05:00,2018-03-29T00:00:00.000-05:00,294,I360,N3643,E878,K5282,I152,E000,F1614,Z96698,,M25051,Z85831,Z0184,,,,,,,,,,,,,,,6007.34,True
79f3574169bd020c,c7ee4adc63c524b3,2018-06-03T00:00:00.000-05:00,2018-06-08T00:00:00.000-05:00,662,N139,E876,I110,Z933,E876,T40996S,R260,M0510,C4652,T7803XS,R5082,,,,,,,,,,,,,,,,3912.07,True
79f3574169bd020c,44a3f2d2cb2e8a70,2018-08-02T00:00:00.000-05:00,2018-08-09T00:00:00.000-05:00,683,N3642,R390,I228,D751,Z9861,J440,E7021,E870,I169,K52832,E878,K2931,I82432,N3941,T81533S,,0F7C3ZZ,0DB53ZX,0D9V40Z,0FP40DZ,,,,,,,7770.08,True
d3900b81975397dc,729330b3e21adf26,2017-06-23T00:00:00.000-05:00,2017-06-24T00:00:00.000-05:00,493,M19079,Z9641,I4519,I119,E784,R0609,R785,,,,,,,,,,0SUW09Z,015G4ZZ,,,,,,,,,12866.39,False
d8298885883807be,b5f6185f40cb8d28,2017-10-31T00:00:00.000-05:00,2017-11-04T00:00:00.000-05:00,864,P369,J0130,N3010,K3184,I160,K210,E7409,Z471,K4021,,,,,,,,,,,,,,,,,,10917.5,True
d8298885883807be,e43a17f93b8060bf,2018-04-02T00:00:00.000-05:00,2018-04-05T00:00:00.000-05:00,883,F325,I158,E780,N4611,K209,,M10349,S40922S,,,,,,,,,,,,,,,,,,,1002.91,True
ee5214771170fd96,e3380b8a0b53a334,2017-11-15T00:00:00.000-06:00,2017-11-18T00:00:00.000-06:00,388,K4000,J690,Z4651,K22719,I169,E7801,E784,K259,C496,C9620,K289,I2109,,,,,0F194D7,0W3P0ZZ,,,,,,,,,9181.21,True
23961c0b98d7d847,abd8cc30e5a7df3e,2018-02-25T00:00:00.000-06:00,2018-02-27T00:00:00.000-06:00,265,I25110,D6859,E873,I2583,J440,I159,E7800,I352,I4460,T407X3D,Z953,,Z48810,,,,,,,,,,,,,,3681.08,True
78c2ceff1a051dff,d062f20e34223687,2018-09-21T00:00:00.000-05:00,2018-09-25T00:00:00.000-05:00,886,F333,,,,,,,,,,,,,,,,,,,,,,,,,,2952.9,True
78e73ddb7e41c0ad,c54058535a601e3d,2018-03-30T00:00:00.000-05:00,2018-04-01T00:00:00.000-05:00,864,A5431,A362,I401,J9600,R8299,J431,E861,E873,J432,A541,I1310,G5601,G5732,F3173,R55,,,,,,,,,,,,15715.99,True
05cf4f2bd3d9a1ba,e591ed470f91fa5d,2017-06-15T00:00:00.000-05:00,2017-07-09T00:00:00.000-05:00,858,A233,T7809XS,N181,I161,Z955,I8511,L03123,I4902,,B953,I776,S61253A,E103513,G5632,E779,,0KUF07Z,041C0JB,05HN03Z,3E0H8NZ,06V94CZ,,,,,,29730.32,True
05cf4f2bd3d9a1ba,6ea24ea3f4b6140f,2017-07-28T00:00:00.000-05:00,2017-08-04T00:00:00.000-05:00,628,E103312,M00022,I468,D531,E8331,L02223,L97823,M9906,I82702,I70298,R011,,E784,Z6853,M06341,,0Y6P0Z3,,30230L0,,,,,,,,11244.79,True
05cf4f2bd3d9a1ba,6c225632a3613d0b,2017-08-06T00:00:00.000-05:00,2017-08-18T00:00:00.000-05:00,939,Z13858,K625,I423,I441,M354,Z9862,I132,,G541,,,,,,,,2W37X2Z,,,,,,,,,,14555.64,False
05cf4f2bd3d9a1ba,0171cad567ae1c7c,2017-12-02T00:00:00.000-06:00,2017-12-06T00:00:00.000-06:00,483,T81510A,I012,E7150,T84199S,I169,E7800,I70209,R7302,E70320,,,,,,,,0Y6C0Z3,,,,,,,,,,10685.94,False
05cf4f2bd3d9a1ba,028980005360e94f,2018-06-10T00:00:00.000-05:00,2018-06-19T00:00:00.000-05:00,853,B9629,M86072,E1329,E749,L97911,E093549,I169,E854,M93939,R828,E785,E119,R85619,I208,I2601,,0Y6N0ZB,047N4Z1,3E0B7HZ,,,,,,,,12902.04,True
05cf4f2bd3d9a1ba,75c760d2cedc4991,2018-06-19T00:00:00.000-05:00,2018-06-30T00:00:00.000-05:00,550,Z765,I2723,E70320,I119,Z4681,D644,M85069,M9181,,I509,E782,M25859,I280,Z9482,,,,,,,,,,,,,15740.23,False
314f48dbf0f1451f,f6505ae19b2bbfaa,2017-09-28T00:00:00.000-05:00,2017-10-02T00:00:00.000-05:00,465,I7773,A220,R093,E780,N477,N3644,R785,,T7807XD,,,,,,,,,,,,,,,,,,3.0,True
57dec386b49374b3,85f7686ef24e20b5,2018-05-22T00:00:00.000-05:00,2018-05-29T00:00:00.000-05:00,810,D599,R10829,R489,Z4531,I809,R786,S86399A,L719,,K7589,,,,,,,30233Q1,,,,,,,,,,5199.98,True
57dec386b49374b3,23a526a987648d95,2018-05-29T00:00:00.000-05:00,2018-06-08T00:00:00.000-05:00,801,D643,J9622,G549,R834,,,,,,,,,,,,,,,,,,,,,,,8258.21,False
57dec386b49374b3,ce58f8c6e1d88170,2018-06-29T00:00:00.000-05:00,2018-07-01T00:00:00.000-05:00,800,D609,R10811,I7773,I82503,R599,Z481,,,,,,,,,,,,,,,,,,,,,5296.69,True
57dec386b49374b3,7e1675a639426556,2018-07-03T00:00:00.000-05:00,2018-07-17T00:00:00.000-05:00,815,D530,I82409,Z886,F424,Z659,,L291,K449,,,,,,,,,0F503ZZ,0FRC8KZ,30253M1,,,,,,,,8938.65,True
57dec386b49374b3,482553308b7ba869,2018-08-05T00:00:00.000-05:00,2018-08-10T00:00:00.000-05:00,803,D644,Z91040,R454,G40A09,L309,D66,,I824Y3,L513,,,,,,,,,,,,,,,,,,5304.45,True
57dec386b49374b3,a775918028dfaa7e,2018-08-10T00:00:00.000-05:00,2018-08-13T00:00:00.000-05:00,808,D6489,R1930,K5282,I83022,Z659,L14,,,,,,,,,,,,,,,,,,,,,6197.9,False
57dec386b49374b3,2f1d646ff528f0bf,2018-08-19T00:00:00.000-05:00,2018-08-22T00:00:00.000-05:00,813,D529,L550,D72825,G7112,M24021,M25572,R785,I83202,I233,Z889,,,,,,,,,,,,,,,,,5250.32,True
3320867c4c678f88,debee1a69ea69fea,2017-03-21T00:00:00.000-05:00,2017-03-26T00:00:00.000-05:00,194,J479,I240,R0901,B9719,K743,E873,I447,I161,E783,F3113,R7309,F4001,D61811,K2270,K521,,,,,,,,,,,,6847.84,True
3320867c4c678f88,fc314a7dea7bd1a1,2017-06-04T00:00:00.000-05:00,2017-06-06T00:00:00.000-05:00,250,I25758,Z9981,J4552,D644,Z4681,E7800,B2682,I1310,K228,C3431,F15281,I70201,I7772,,,,,,,,,,,,,,4507.32,True
62a3a8d647b08c94,e154e9c5e88e0d32,2017-06-12T00:00:00.000-05:00,2017-06-15T00:00:00.000-05:00,265,I514,F340,E870,N011,I228,I213,E8770,Z72810,I119,F40243,M13851,R571,R0603,Z6222,Z6332,,,,,,,,,,,,5455.71,True
62a3a8d647b08c94,2b2edaee438a7328,2018-03-19T00:00:00.000-05:00,2018-03-23T00:00:00.000-05:00,229,I152,I2602,F3175,E0941,I330,T494X6A,F40233,F14181,,L271,,J8403,F419,M0848,F328,,,,,,,,,,,,5808.36,True
72605dd7e02d78d8,0aba66cfd977dae3,2018-07-04T00:00:00.000-05:00,2018-07-07T00:00:00.000-05:00,375,R197,E861,T7804XS,,G8314,,R930,,,,,,,,,,,,,,,,,,,,1.0,True
7940be7c76238c0a,c764a4abd70be538,2018-11-24T00:00:00.000-06:00,2018-11-27T00:00:00.000-06:00,196,J0140,G3109,E109,E861,D559,I130,F203,F3163,M08219,F314,K281,E782,Z3681,Z72811,K7200,,,,,,,,,,,,2938.55,True
d8bbe8798869bb3a,0d99c6ac1d8789ed,2017-01-15T00:00:00.000-06:00,2017-01-18T00:00:00.000-06:00,190,R0683,K8532,I495,I340,R821,M6148,L250,F09,M179,F332,I120,R7302,K3189,F42,S66508S,,,,,,,,,,,,3432.59,True
d8bbe8798869bb3a,476d21eec6f1727f,2017-07-14T00:00:00.000-05:00,2017-07-28T00:00:00.000-05:00,265,I501,J101,N2884,I513,Z8673,F3132,,G300,F0280,I445,I515,I482,I5031,E089,Z62898,,B213YZZ,3E0H8HZ,4A03XB1,,,,,,,,11515.2,True
d8bbe8798869bb3a,a133463e7437e1e8,2017-08-22T00:00:00.000-05:00,2017-09-05T00:00:00.000-05:00,303,I129,J9602,J440,I4581,A3953,E09341,M05612,R4181,I339,I256,I421,Z6844,L89813,L89001,K2980,,,,,,,,,,,,21410.44,False
34d140df43a351aa,78a44c67a9a40744,2017-02-22T00:00:00.000-06:00,2017-02-24T00:00:00.000-06:00,182,J470,N019,I120,I452,I089,E7402,R066,I50814,I70222,K315,E083411,R3982,L2481,K8066,E785,,,,,,,,,,,,4583.34,True
34d140df43a351aa,a8f62ae0b68463b5,2017-04-19T00:00:00.000-05:00,2017-04-20T00:00:00.000-05:00,0,I362,I319,R0683,Z950,J470,I671,I69091,I77819,I713,I7410,I129,R81,E7801,R45850,I348,,02WG4JZ,B210YZZ,BU090ZZ,BQ01ZZZ,B41F0ZZ,B54BZZA,,,,,9.0,False
34d140df43a351aa,fd8ac785a7701d18,2017-08-20T00:00:00.000-05:00,2017-08-25T00:00:00.000-05:00,55,I69152,G508,M66849,B5732,Z9641,J984,I999,I152,N219,J471,I510,I25758,B3322,I7409,E7800,,,,,,,,,,,,3369.81,True
34d140df43a351aa,78b88adb7f60aaf3,2017-10-19T00:00:00.000-05:00,2017-10-22T00:00:00.000-05:00,872,A5141,J80,J1183,E8770,A414,I110,N068,I5031,I427,I472,J449,R069,I70233,I70231,R4181,,,,,,,,,,,,8445.44,True
35242529a9271b96,9bd80b160a167450,2018-03-12T00:00:00.000-05:00,2018-03-13T00:00:00.000-05:00,542,M08261,D703,I152,E7602,E7153,E780,I789,Z739,R789,M66851,M25771,I780,,M25429,,,0SRW07Z,01N93ZZ,0LCQ3ZZ,0PBF4ZZ,0NBT3ZX,0PBF3ZZ,,,,,11711.87,False
52740491282f36c7,33ea61f15995f9a3,2018-03-16T00:00:00.000-05:00,2018-03-19T00:00:00.000-05:00,858,A1854,B2683,A218,R7309,I1310,R946,E7800,J4520,H68101,,,,F40210,G5730,J411,,,,,,,,,,,,4606.68,True
79c65abedfee6164,b0ed96bc79f608b5,2018-06-20T00:00:00.000-05:00,2018-06-22T00:00:00.000-05:00,250,I5189,E756,I119,I231,,,,,,,,,,,,,0JH638Z,02HN4JZ,0JH83PZ,,,,,,,,11391.03,True
a28d786c202b83ab,ef684fd52621f36a,2017-04-21T00:00:00.000-05:00,2017-04-23T00:00:00.000-05:00,197,J1000,K5741,E875,I308,,I70263,M6020,N369,G249,M810,K226,E784,G7001,F3160,R278,,,,,,,,,,,,4171.18,True
bb428e87fb20bba2,0d7adee0ded7948e,2018-08-07T00:00:00.000-05:00,2018-08-07T00:00:00.000-05:00,551,M25311,E782,R7981,,,,,,,,,,,,,,0RUG4KZ,,,,,,,,,,9939.86,False
f83c5a5e5aee7d76,9725d1fe2e33756b,2018-10-27T00:00:00.000-05:00,2018-10-29T00:00:00.000-05:00,867,A5212,N040,E874,I6322,N3512,A403,A5055,R81,I10,E7800,E875,B348,Z118,R783,,,,,,,,,,,,,4902.4,True
2c3b0fe52afab257,3e8c32c7d61647c9,2017-06-20T00:00:00.000-05:00,2017-06-21T00:00:00.000-05:00,185,B391,L02214,I280,J440,F09,I052,I444,I77812,,R785,,,,,,,,,,,,,,,,,5612.97,True
c277bd7815e92a0a,0d1a9cccf3a9f256,2018-09-10T00:00:00.000-05:00,2018-11-05T00:00:00.000-06:00,226,I7774,N049,I63312,I745,J9692,A5213,Z4541,J690,L563,J0131,Q851,E642,D57211,T8542XA,I70542,,02RG37Z,04WY3JZ,B2011ZZ,,5A0935Z,B212110,6A211ZZ,4A1004G,30243H0,30250V1,135957.99,False
c277bd7815e92a0a,10da3c713db29a6e,2018-11-05T00:00:00.000-06:00,2018-11-12T00:00:00.000-06:00,58,G4724,I2510,R29722,H18061,N360,R260,D5701,I4460,F423,I160,,,,,,,,,,,,,,,,,14391.21,False
efb4f69ba8b53a83,dbdd3c3051ba9412,2018-02-05T00:00:00.000-06:00,2018-02-11T00:00:00.000-06:00,164,R092,J471,K7291,,L245,F349,C50212,E501,M89542,,E780,F422,,,,,,,,,,,,,,,6047.56,False
f5665c59f13f16c6,3e215a9afe746d62,2017-08-22T00:00:00.000-05:00,2017-08-24T00:00:00.000-05:00,52,R250,F3011,G463,E8770,T7432XA,S5490XD,Z48815,,,,,,,,,,,,,,,,,,,,4500.32,True
f75a58ccbf398ed0,42d641abef89ecb1,2018-07-01T00:00:00.000-05:00,2018-07-02T00:00:00.000-05:00,483,M05051,S93429A,R824,I2692,G5771,I160,I70202,E785,F339,R5383,Z91030,L561,I70261,I4581,,,0RU637Z,,,,,,,,,,13162.65,False
43a9e5aacab8f8c7,8cab8f69a50ad7ec,2018-01-06T00:00:00.000-06:00,2018-01-08T00:00:00.000-06:00,754,R87614,I63442,I69261,N94819,I253,Z134,I272,N281,I674,E0531,N924,,,,,,0UT97ZZ,07WK4CZ,0U540ZZ,0UT18ZZ,0U150J5,,0UPH33Z,0LRQ0KZ,0T7D7DZ,3E013NZ,17451.11,False
49c9b788bc6e69e1,85c0c6daabd69e49,2018-12-12T00:00:00.000-06:00,2018-12-14T00:00:00.000-06:00,163,J352,J9622,I130,E7801,R85615,,,,,,,,,,,,,,,,,,,,,,8102.88,True
53e8a85628064b83,758f4a1f2072417f,2017-02-02T00:00:00.000-06:00,2017-02-05T00:00:00.000-06:00,498,M13821,E780,I159,I2789,M531,K9089,,,,,,,,,,,0SU237Z,,,,,,,,,,10807.25,False
53e8a85628064b83,9d7014494e87e0a2,2018-05-17T00:00:00.000-05:00,2018-05-18T00:00:00.000-05:00,53,I69261,I159,I2781,E7800,Z91419,,,,,,,,,,,,03CL3ZZ,037Q05Z,,,,,,,,,4819.11,False
7e69f39451c68522,28c31bab6cd8c7b7,2017-05-13T00:00:00.000-05:00,2017-05-16T00:00:00.000-05:00,33,E1337X3,R3912,L97512,E871,L03311,G543,N042,N262,D562,E065,Z952,E780,I200,,,,0J9Q3ZX,,,,,,,,,,5553.29,True
7e69f39451c68522,a4847c7e8d409058,2017-07-31T00:00:00.000-05:00,2017-08-05T00:00:00.000-05:00,870,A501,T7807XS,K859,Z9912,L043,K8011,N028,E872,K8081,P365,I674,E7800,M1A08X1,F064,F39,,0WPFXKZ,,,,,,,,,,10525.22,True
7e69f39451c68522,7c5f66af11d60b80,2017-08-07T00:00:00.000-05:00,2017-08-08T00:00:00.000-05:00,901,T83031D,K812,E1100,L97309,I220,E064,I5082,F330,Z560,Z4689,R9341,T7849XA,R1934,I259,,,,,,,,,,,,,2663.13,True
7e69f39451c68522,78fbd385e5f646d2,2017-09-02T00:00:00.000-05:00,2017-09-04T00:00:00.000-05:00,405,K8042,M89652,K8034,E113392,L97811,M11029,I119,E783,E011,F3131,Z9861,R012,M71472,Z764,R971,,0FT40ZZ,0FTD7ZZ,0DU27JZ,BF03YZZ,0WJG4ZZ,06HM3DZ,,,,,12607.09,False
7e69f39451c68522,179a6c8415ad69a0,2017-09-08T00:00:00.000-05:00,2017-09-12T00:00:00.000-05:00,253,T8620,K822,Z9911,I808,M8608,E083219,M85379,Z954,K834,M794,I158,E033,R143,D550,,,0F753DZ,5A09457,09HN8BZ,6A801ZZ,,,,,,,11048.81,True
7e69f39451c68522,664771b56be9b9c7,2017-09-12T00:00:00.000-05:00,2017-09-22T00:00:00.000-05:00,183,J690,J9622,B9622,I340,I2584,M86629,E871,Z1639,K641,I82811,T82218D,T82855S,I272,I420,I120,,0CHY8BZ,B2141ZZ,0CHY7BZ,0WPP73Z,,,,,,,13349.39,True
7e69f39451c68522,227c10da828d65ba,2018-09-05T00:00:00.000-05:00,2018-09-10T00:00:00.000-05:00,491,T81599A,A5202,M00169,E119,G9520,K550,I1311,N35114,E878,,M24871,E042,E784,L270,Z551,,0Y6J0Z1,,,,,,,,,,11507.71,True
7e69f39451c68522,25f98013c9f41ee3,2018-11-18T00:00:00.000-06:00,2018-11-28T00:00:00.000-06:00,468,M312,E8770,N049,E1101,E083542,I674,N2884,E8770,M24242,I5021,D57412,M4698,K450,K2270,K255,,0LBT4ZX,0YBM0ZX,0DCG3ZZ,,,,,,,,8076.28,True
7e69f39451c68522,e30a96ab1434e3f9,2018-12-11T00:00:00.000-06:00,2018-12-14T00:00:00.000-06:00,301,I471,I456,E133291,K5520,I368,I495,E1037X2,N262,K760,Z709,Z731,Z022,S1984XA,,,,,,,,,,,,,,5297.26,True
a8907cef2ad372f8,3af5091f53395fdf,2017-08-20T00:00:00.000-05:00,2017-08-26T00:00:00.000-05:00,697,Z960,I4902,N310,A4150,I10,I079,E8770,M10132,T83010S,N5311,I2542,R8291,E060,,,,,,,,,,,,,,8005.33,True
a8907cef2ad372f8,8cff264eb3d4f50d,2017-11-23T00:00:00.000-06:00,2017-11-27T00:00:00.000-06:00,88,I63013,N365,I130,I512,I2583,F3013,I50812,Z023,M10072,E010,I5023,Z95810,E860,E871,,,0WHR0YZ,,,,,,,,,,5406.79,True
21471114c24550cf,a522917e6f8e38d5,2017-02-28T00:00:00.000-06:00,2017-03-11T00:00:00.000-06:00,886,F203,R780,J4531,R784,R785,K259,L270,,,,,,,,,,,,,,,,,,,,5353.06,True
a165b8b81d6cdeaa,7ade6a8a1eb2afee,2017-01-12T00:00:00.000-06:00,2017-01-15T00:00:00.000-06:00,485,M25271,M93829,T82338A,R7981,E671,R45850,,,,,,,,,,,0SU04KZ,,30230Q0,,,,,,,,9256.59,False
a165b8b81d6cdeaa,400244a0ff44dbd9,2017-03-06T00:00:00.000-06:00,2017-03-10T00:00:00.000-06:00,484,T85623S,D57811,E8389,M0228,Z9149,K2960,T8549XS,M71051,,T7808XS,Z3200,,,,,,0RU907Z,30253W1,,,,,,,,,17376.68,False
3144b1943fd0eb87,4be7d4caec3f7a4d,2018-04-09T00:00:00.000-05:00,2018-04-16T00:00:00.000-05:00,437,K8012,K744,K8592,R17,E872,N018,K279,D57211,Z87441,I161,Z634,,J432,E0531,M08831,,0WWGX0Z,0FC97ZZ,0FPB82Z,30233K0,,,,,,,13468.95,True
53e1d4fc7ce368a6,c3ecd85789b62dcf,2018-06-02T00:00:00.000-05:00,2018-06-04T00:00:00.000-05:00,310,I348,E109,N262,I5083,M1A0611,E783,R838,E7801,R45850,,,,,,,,02724TZ,4A020N8,,,,,,,,,18473.44,False
5d6673a91c01d648,addf18c1e8b0d704,2017-03-28T00:00:00.000-05:00,2017-03-31T00:00:00.000-05:00,205,J40,F424,R891,I481,I2541,,I152,Z91410,E870,K5521,R94121,Z003,I25118,J9691,Z731,,,,,,,,,,,,5455.53,True
5d6673a91c01d648,a6a973a6e857bdce,2017-06-29T00:00:00.000-05:00,2017-07-04T00:00:00.000-05:00,164,J410,I409,I2584,Z91412,I159,E785,I2583,,J9692,,,,,,,,,,,,,,,,,,3716.44,True
5d6673a91c01d648,6e106886bb021e29,2017-10-17T00:00:00.000-05:00,2017-10-24T00:00:00.000-05:00,265,I2584,T8249XA,J449,I152,F1121,,,,,,,,,,,,02C24ZZ,4A027PZ,,,,,,,,,11730.69,True
5d6673a91c01d648,ff56035a5e70a425,2018-01-16T00:00:00.000-06:00,2018-01-20T00:00:00.000-06:00,194,J418,I308,J9620,I510,I514,F12122,I120,Z0070,K310,S1983XS,,,S86899A,I452,J1082,,,,,,,,,,,,4883.69,True
5d6673a91c01d648,265998900149314e,2018-02-15T00:00:00.000-06:00,2018-02-22T00:00:00.000-06:00,192,J40,J9692,F12929,I429,F12988,I169,I252,E7800,O99310,I088,Z6221,R892,F40243,I495,I2601,,,,,,,,,,,,7038.63,False
5d6673a91c01d648,f63e45512b0f6a28,2018-10-02T00:00:00.000-05:00,2018-10-06T00:00:00.000-05:00,175,J0191,I249,J438,J479,I2121,,F1593,D72821,D552,I330,I2111,,,,,,,,,,,,,,,,7346.24,True
5d6673a91c01d648,9fe6f40aed0fc1f0,2018-11-19T00:00:00.000-06:00,2018-11-23T00:00:00.000-06:00,184,J440,K7031,F15180,Z3689,R479,I130,F40210,A3953,F17291,I25119,,,,,,,,,,,,,,,,,5992.77,True
5d6673a91c01d648,a57707335473d6af,2018-12-28T00:00:00.000-06:00,2019-01-04T00:00:00.000-06:00,167,J431,J930,G652,I208,I119,I510,F1911,F10221,F430,E7629,M14619,,D72829,I020,E76219,,,,,,,,,,,,6355.97,True
6e77b1d9dfcbbb2a,13bfef4b7ced580e,2018-06-19T00:00:00.000-05:00,2018-06-22T00:00:00.000-05:00,462,M1630,F324,E89811,I248,J121,M61522,,,,,,,,,,,0RUG0JZ,,,,,,,,,,7575.55,False
7c735e3a3829a93b,41ee177d99bcfffd,2018-02-26T00:00:00.000-06:00,2018-03-15T00:00:00.000-05:00,880,F3177,F15180,,,,,,,,,,,,,,,,,,,,,,,,,13263.32,False
7c735e3a3829a93b,282e38ef6ec46c25,2018-10-08T00:00:00.000-05:00,2018-10-12T00:00:00.000-05:00,887,F3112,,,,,,,,,,,,,,,,,,,,,,,,,,2223.21,False
a411925f3fae9c52,0107b857d3848de4,2017-06-30T00:00:00.000-05:00,2017-06-30T00:00:00.000-05:00,547,M12032,E139,I130,E784,M10061,L2381,,,,,,,,,,,0RUS07Z,3E0N7HZ,,,,,,,,,6740.9,False
a411925f3fae9c52,dad273dc1f8b053e,2018-01-03T00:00:00.000-06:00,2018-01-06T00:00:00.000-06:00,810,D57812,I2789,E099,I6201,I158,E782,K7589,M13822,M10131,M66372,,,,,,,079T0ZX,30250N1,,,,,,,,,3933.89,True
e3ed9b5479c97247,3f342a6d9eb73091,2017-04-11T00:00:00.000-05:00,2017-04-19T00:00:00.000-05:00,887,F250,F0150,E109,E7801,R000,I152,,,,,,,,,,,,,,,,,,,,,5732.4,False
eaec35043098bdc6,c681b686c75e2b2d,2018-04-19T00:00:00.000-05:00,2018-04-29T00:00:00.000-05:00,484,M5400,T819XXA,G894,E7143,G4727,R402131,I152,,,E7252,R4582,F40248,F325,K2210,R482,,0SGD0KZ,0R534ZZ,0RGA0Z1,0RB30ZZ,01R64JZ,,,,,,31496.94,False
eaec35043098bdc6,7e25236a84027374,2018-07-30T00:00:00.000-05:00,2018-08-01T00:00:00.000-05:00,919,T59814S,G547,J9621,E7601,T63714A,R9082,E784,I132,K251,K580,F329,M50321,,F40232,R868,,,,,,,,,,,,10198.43,True
eaec35043098bdc6,2a0b487c369ba132,2018-08-05T00:00:00.000-05:00,2018-08-14T00:00:00.000-05:00,461,M4603,T83729D,E7049,G520,M4691,M5440,F349,K2971,I159,Z4651,M5145,E71120,B6769,S66199S,M60171,,01NN0ZZ,0M9J00Z,,,,,,,,,16383.31,False
14ad855b9fc39501,412351edd184b978,2018-10-22T00:00:00.000-05:00,2018-10-23T00:00:00.000-05:00,946,,I1310,F10280,,G712,R783,,R9720,,,,,,,,,,,,,,,,,,,2794.47,True
4571c543437d6a4d,a9f936fd1295d461,2017-01-24T00:00:00.000-06:00,2017-01-26T00:00:00.000-06:00,664,R369,R3914,N132,D612,N262,,,,,,,,,,,,0TBB7ZX,0T988ZX,0T9D8ZX,30240N1,30240W1,,,,,,3356.51,True
adfadf2ba46057c4,422aa05b7deb418e,2017-08-27T00:00:00.000-05:00,2017-08-30T00:00:00.000-05:00,669,N23,N312,J40,M4692,I469,A320,K2210,I255,I081,I081,I4902,Z591,E782,,,,,,,,,,,,,,3805.25,True
adfadf2ba46057c4,72f42f4ef7e2550c,2017-09-10T00:00:00.000-05:00,2017-09-18T00:00:00.000-05:00,467,M86162,E559,S82876M,S82191E,R3914,E875,I519,E70310,I471,J431,I428,I1310,N711,E783,K30,,0D9C4ZZ,,,,,,,,,,9351.09,False
adfadf2ba46057c4,f2859ce7ee666195,2017-09-18T00:00:00.000-05:00,2017-10-14T00:00:00.000-05:00,565,M86542,L03112,I454,I1311,I059,E782,D598,I470,Z950,Z69010,R970,S92014B,N6012,,,,06H403Z,0D9G7ZZ,,,,,,,,,31513.81,False
adfadf2ba46057c4,57396282a4d75f8a,2017-10-14T00:00:00.000-05:00,2017-11-03T00:00:00.000-05:00,461,M00179,S82319S,I062,L02425,Z793,D512,I012,I1311,E784,Z550,Z2914,R072,I25751,,,,,,,,,,,,,,18472.45,False
ce50fd4a034fbec0,24ae9f222d5f48bc,2017-01-14T00:00:00.000-06:00,2017-01-19T00:00:00.000-06:00,685,C678,N075,I169,I088,I070,Z950,I229,I272,E780,A3952,I4460,D601,Z652,R934,Z91411,,0TB60ZX,3E1M39Z,BP2W0ZZ,,,,,,,,11435.93,False
ce50fd4a034fbec0,29116e700baf0654,2017-01-23T00:00:00.000-06:00,2017-01-27T00:00:00.000-06:00,236,T7806XD,N359,I7092,A3952,E872,Z1279,S56428A,A3951,I25110,Z01818,I083,N033,Z72810,C673,,,,,,,,,,,,,5622.71,True
ce50fd4a034fbec0,66221f7b6140d3a2,2017-02-01T00:00:00.000-06:00,2017-02-02T00:00:00.000-06:00,234,K551,N035,Z8550,R011,I341,I401,N35013,I082,I2720,Z5189,Z361,M1A4421,,,,,3E1M39Z,,,,,,,,,,13918.48,True
ce50fd4a034fbec0,c4614f286223b69b,2017-05-10T00:00:00.000-05:00,2017-05-14T00:00:00.000-05:00,659,C673,N3644,I129,I255,R3916,E875,Z952,I4902,I311,D553,R822,E878,I781,E784,B3323,,0TRB87Z,3E1M39Z,,,,,,,,,24356.89,False
ce50fd4a034fbec0,3c58f64a3e8fac1c,2017-05-19T00:00:00.000-05:00,2017-05-25T00:00:00.000-05:00,262,I728,C7931,I152,N138,I444,B5881,B2682,C678,,I32,Z3683,I7389,E780,M1A08X1,D630,,30243R0,,,,,,,,,,6668.52,True
ce50fd4a034fbec0,a85b5f7583143133,2017-06-01T00:00:00.000-05:00,2017-06-03T00:00:00.000-05:00,639,E869,N014,E870,I159,I519,I089,I5084,I25119,E785,M10331,I7581,R1313,D638,I318,I5083,,3E1M39Z,,,,,,,,,,8519.27,True
ce50fd4a034fbec0,ac3bd088d26542f0,2017-10-03T00:00:00.000-05:00,2017-10-14T00:00:00.000-05:00,310,I011,N045,I2541,I2589,E619,D6851,I75013,I151,M61112,R141,I428,K209,I4469,D5720,K437,,0D978ZX,3E1M39Z,,,,,,,,,11068.1,True
ce50fd4a034fbec0,e4a4540e0f39d44d,2018-04-19T00:00:00.000-05:00,2018-04-25T00:00:00.000-05:00,642,E870,N39498,E113393,I495,E083512,L98419,L03123,I70234,N3040,Z87891,I4581,I514,I483,Z7689,,,3E1M39Z,,,,,,,,,,6942.21,False
ce50fd4a034fbec0,f9a9677b56f5ea68,2018-08-16T00:00:00.000-05:00,2018-08-30T00:00:00.000-05:00,867,A4159,I50810,R4789,I152,I8003,N323,I481,L03029,D608,K282,E860,E861,N171,I230,I237,,0DB77ZX,3E1M39Z,,,,,,,,,11802.07,True
ce50fd4a034fbec0,8d247c7fd6139490,2018-09-20T00:00:00.000-05:00,2018-10-07T00:00:00.000-05:00,970,A5432,L042,B2719,Z992,E8771,I1310,A078,I089,L03113,I069,Z931,E876,R3983,Z91419,D57219,,3E1M39Z,0J9R3ZZ,,,,,,,,,18759.26,True
ce50fd4a034fbec0,91c0dcb9509c95f1,2018-10-26T00:00:00.000-05:00,2018-11-27T00:00:00.000-06:00,865,A5271,N3020,L230,J9600,J690,E630,G5730,R10821,L98495,I159,A048,I5083,E878,K22711,I237,,3E1M39Z,0F9D4ZZ,0DBN8ZZ,5A09357,5A1935Z,05HF33Z,30277T1,03HF43Z,B5141ZZ,30233H1,64539.62,True
ffe3944afc84aab3,aa0994148b77270a,2017-05-18T00:00:00.000-05:00,2017-05-25T00:00:00.000-05:00,897,F12950,F19181,F14150,F314,F40210,Z046,,,,,,,,,,,HZ5DZZZ,GZ3ZZZZ,GZGZZZZ,,,,,,,,3922.96,False
ffe3944afc84aab3,1298dff58f4e63b0,2017-12-02T00:00:00.000-06:00,2017-12-06T00:00:00.000-06:00,600,L03031,T423X2D,F16988,L97222,L02435,L03011,E0789,R4581,E874,F3174,F13181,A1883,,,,,0JXL3ZZ,0HUXX7Z,,,,,,,,,11611.5,True
ffe3944afc84aab3,c964d365f0f90e2d,2018-01-16T00:00:00.000-06:00,2018-01-27T00:00:00.000-06:00,881,F303,R455,F1911,F16120,F600,R454,L02431,,,,,,,,,,GZ3ZZZZ,GZ52ZZZ,HZ55ZZZ,GZB4ZZZ,GZ14ZZZ,,,,,,9577.0,False
ffe3944afc84aab3,0c528130645cd4ea,2018-04-23T00:00:00.000-05:00,2018-05-08T00:00:00.000-05:00,894,F1821,F14220,K7030,F3164,F18150,K738,L02821,,,,,,,,,,HZ5CZZZ,GZ54ZZZ,GZ52ZZZ,,,,,,,,9552.57,False
ffe3944afc84aab3,65685eda5de05a04,2018-11-06T00:00:00.000-06:00,2018-11-12T00:00:00.000-06:00,894,F15980,T564X2D,F551,F14121,F310,R452,F1324,Z653,,,,,,,,,,,,,,,,,,,3936.91,True
ffe3944afc84aab3,96f0e11eaf876d54,2018-11-28T00:00:00.000-06:00,2018-11-30T00:00:00.000-06:00,906,T63042D,T63112A,F4002,F3176,T71162A,F11222,Z603,I5020,,,,,,,,,,,,,,,,,,,6189.78,True
ffe3944afc84aab3,99d8ad647f7d4106,2018-11-30T00:00:00.000-06:00,2018-12-13T00:00:00.000-06:00,887,F341,F429,L493,F19951,T40903S,T50A12A,,,,,,,,,,,,,,,,,,,,,10578.51,False
ffe3944afc84aab3,6a9a84a7eb4794f7,2018-11-30T00:00:00.000-06:00,2018-12-13T00:00:00.000-06:00,887,F3164,F413,L492,F1699,F15922,T375X2D,,,,,,,,,,,,,,,,,,,,,1.0,False
ffe3944afc84aab3,1693ba3c800a4700,2018-12-13T00:00:00.000-06:00,2018-12-28T00:00:00.000-06:00,883,F3113,F11151,F13281,K030,,,,,,,,,,,,,,,,,,,,,,,11386.51,False
088f834002740bcf,7b5f68af5f470067,2017-02-19T00:00:00.000-06:00,2017-02-20T00:00:00.000-06:00,552,M05161,I50810,E7800,E089,C50029,,I77811,,Z020,,,,G210,,,,0SU64JZ,,,,,,,,,,12156.88,False
088f834002740bcf,26583fd36861baef,2018-12-08T00:00:00.000-06:00,2018-12-12T00:00:00.000-06:00,865,Z1620,K8070,R824,E784,I21A1,I2101,C50519,I716,I1311,K314,,,,,,,,,,,,,,,,,8358.22,True
5793dd34acc9a3c6,c7ddf0b547f2f8b3,2017-01-16T00:00:00.000-06:00,2017-01-18T00:00:00.000-06:00,314,J9562,N39490,K641,I674,E780,M4834,K3183,I82592,,,,,,,,,,,,,,,,,,,6509.63,True
5793dd34acc9a3c6,595d6f77e2811527,2018-03-08T00:00:00.000-06:00,2018-03-11T00:00:00.000-06:00,512,M184,D6862,C4A72,Z91411,M6580,G650,,,,,,,,,,,0SRD0KZ,,,,,,,,,,13348.05,False
b438f73ccb9ded0d,5dcae42593458bbf,2017-01-24T00:00:00.000-06:00,2017-01-26T00:00:00.000-06:00,614,E870,,E871,J4542,F0390,I132,E7800,M07632,,,,,,,,,,,,,,,,,,,2767.28,True
b438f73ccb9ded0d,08e965aafc087362,2017-12-15T00:00:00.000-06:00,2017-12-21T00:00:00.000-06:00,922,S56499D,G300,J410,J45902,M12219,I160,,,,,,,,,,,,,,,,,,,,,2669.24,True
b438f73ccb9ded0d,f0961fdb35abb4af,2018-11-29T00:00:00.000-06:00,2018-12-08T00:00:00.000-06:00,499,S52036N,G7114,F0391,I132,N430,K225,I468,M9969,E861,I2789,,,,,,,0NHG44Z,0KB44ZX,0PPM0JZ,,,,,,,,17591.44,True
b861af1e88e03b4c,e40855b5b2eb3d95,2018-03-20T00:00:00.000-05:00,2018-03-22T00:00:00.000-05:00,766,O2673,O3490,,Z3482,,,,,,,,,,,,,10D00Z1,,,,,,,,,,7.0,False
d30cf6961590b064,c586d99a01b7c574,2017-03-10T00:00:00.000-06:00,2017-03-12T00:00:00.000-06:00,374,K56699,E7039,K266,R7301,K5281,D1339,M7012,K3189,G210,J45998,K312,L041,C50319,,,,0D947ZX,,,,,,,,,,2992.9,True
d30cf6961590b064,3ec5d255f6c0f86d,2017-03-12T00:00:00.000-06:00,2017-03-16T00:00:00.000-05:00,329,S46802D,K311,K5781,E7629,K226,T80A10S,E8770,I8500,E7021,J4552,R7309,L2082,L240,I959,C50629,,0DB18ZX,,,,,,,,,,12700.96,False
027682520660843f,532c34d75375d867,2017-07-24T00:00:00.000-05:00,2017-07-26T00:00:00.000-05:00,201,J842,F205,I5043,F3281,D581,M05741,F079,E139,,,,,,,,,,,,,,,,,,,3676.13,True
027682520660843f,236aa1e9eb95bf21,2018-07-16T00:00:00.000-05:00,2018-07-24T00:00:00.000-05:00,208,J323,N150,R94130,F250,E8779,E874,F0280,R7302,K2211,F329,G40814,D509,M25673,M810,E874,,05H443Z,,,,,,,,,,6743.56,True
027682520660843f,246beaff88808f7d,2018-11-24T00:00:00.000-06:00,2018-11-26T00:00:00.000-06:00,471,S82191P,K2940,R81,R569,F202,F0632,M13142,M816,G300,F800,,,,,,,0RS044Z,05HF33Z,,,,,,,,,7181.93,False
87b81efd917a1ed5,d2d2907061fe6914,2018-03-17T00:00:00.000-05:00,2018-03-23T00:00:00.000-05:00,862,A159,J111,Z9350,E869,I1310,I2609,E780,N4230,E8771,N110,I061,N134,I70299,S66193S,,,,,,,,,,,,,9626.05,True
d58b7ccc39e1b6f9,0372e95d2630b721,2018-05-13T00:00:00.000-05:00,2018-05-21T00:00:00.000-05:00,166,D0222,E561,N341,J910,C7B04,I480,I072,G210,,I151,J40,E139,R509,R10824,E785,,B92F0ZZ,CW2BYZZ,,,,,,,,,8264.85,False
d58b7ccc39e1b6f9,0b8c116448a3eb07,2018-05-28T00:00:00.000-05:00,2018-06-03T00:00:00.000-05:00,187,C342,J9819,C773,E59,I229,I070,J449,K902,N262,R7303,M13819,E785,M7651,,,,,,,,,,,,,,7208.21,True
d58b7ccc39e1b6f9,a812b5662046b8a3,2018-08-08T00:00:00.000-05:00,2018-08-12T00:00:00.000-05:00,244,I83018,C3432,N13739,L97216,I860,I4581,I150,B460,E139,J45909,J411,I70238,E782,I228,M10122,,03HN33Z,,,,,,,,,,6514.56,True
e18e79ca0150544c,da8dd6ff627d25a2,2018-01-05T00:00:00.000-06:00,2018-01-09T00:00:00.000-06:00,667,R801,E878,N398,E560,I69969,N39490,E869,I130,E874,,,A5611,F064,,,,,,,,,,,,,,2715.38,True
e18e79ca0150544c,8f13eb4912cbc632,2018-05-29T00:00:00.000-05:00,2018-06-01T00:00:00.000-05:00,683,N012,E613,I609,E860,R54,N150,R843,,F09,N201,,,,,,,,,,,,,,,,,2534.36,True
f2d099cbae1daaf5,f2179d5a453fa80f,2018-10-08T00:00:00.000-05:00,2018-10-10T00:00:00.000-05:00,885,F203,,,,,,,,,,,,,,,,,,,,,,,,,,3.0,False
59f7df039f597ad4,ec10f7ee4b21f095,2018-04-22T00:00:00.000-05:00,2018-04-25T00:00:00.000-05:00,509,M25862,B2682,T83091A,J9602,T386X6S,M14662,,I160,I82C29,,,,,,,,0SRS0JZ,,,,,,,,,,14096.4,False
71b8aafe41a1d6b3,9779274f05abd490,2018-03-26T00:00:00.000-05:00,2018-03-30T00:00:00.000-05:00,554,S82426E,D62,I160,I469,R7302,M1A1791,R780,D609,J4531,Z8711,K652,I82B13,,,,,0PW334Z,0PSJ44Z,30230J0,0DCJ8ZZ,0DDL3ZX,,,,,,10031.11,False
71b8aafe41a1d6b3,688c5bb47fb0df62,2018-04-18T00:00:00.000-05:00,2018-04-22T00:00:00.000-05:00,328,K2970,N35014,E8770,Z1629,K598,,I482,E099,D519,R208,T7804XS,R0689,Z605,,,,0D998ZX,,,,,,,,,,4340.48,True
cef1a11aeb7b3f48,ae432b30381701e0,2017-07-16T00:00:00.000-05:00,2017-07-18T00:00:00.000-05:00,435,K830,E780,R802,M24275,R45850,,,,,,,,,,,,0FB40ZZ,BF0CYZZ,,,,,,,,,7942.85,True
d77534ad86daa49c,ee42c3232ea13b5b,2017-08-04T00:00:00.000-05:00,2017-08-14T00:00:00.000-05:00,237,I2119,I228,T84123A,E109,I160,R630,,,,,,,,,,,02723DZ,049Y30Z,03S13ZZ,03543ZZ,B44GZZZ,3E030RZ,BV00YZZ,,,,10861.09,True
d7bee4dbe70f3786,e7d25b6bf428fc1a,2017-09-19T00:00:00.000-05:00,2017-09-24T00:00:00.000-05:00,176,J441,I228,R739,Z046,D72828,M818,,I772,F348,,,,,,,,,,,,,,,,,,3210.51,True
e17e981aaa7b7f0a,9ea54ce68699721a,2018-10-13T00:00:00.000-05:00,2018-10-20T00:00:00.000-05:00,115,H18331,I471,E872,I130,H10403,,M19021,H15111,Z4889,,,,,,,,,,,,,,,,,,9006.2,True
f1e31b61a60ecea1,918aaec8ddc83701,2017-03-13T00:00:00.000-05:00,2017-03-15T00:00:00.000-05:00,339,K5282,E860,E000,,,,,,,,,,,,,,0D9C4ZX,,,,,,,,,,3019.55,True
463f5030657336fc,781478f73786c0fa,2018-06-24T00:00:00.000-05:00,2018-06-30T00:00:00.000-05:00,487,M4848XS,D592,I160,I455,F0151,E079,,,,,,,,,,,0SRA039,,,,,,,,,,13752.78,True
791971c942424f19,7026e5ee2b1d3503,2017-10-31T00:00:00.000-05:00,2017-11-04T00:00:00.000-05:00,339,K4001,J1189,N025,E860,E8770,E870,K259,K2950,N403,K2950,F16250,E778,E672,B5731,M25351,,,,,,,,,,,,9038.66,False
ebe936b2140d16ba,5b5dcb5bbbc69042,2017-02-19T00:00:00.000-06:00,2017-02-27T00:00:00.000-06:00,336,K312,R002,R828,K224,K30,E7801,I150,I21A9,G7112,R195,A541,R39198,,K55052,,,0DDC8ZX,,,,,,,,,,3619.36,True
ebe936b2140d16ba,93f15c6430e5d03e,2018-05-25T00:00:00.000-05:00,2018-06-05T00:00:00.000-05:00,869,A4102,R488,I091,J690,I462,N3512,B3320,M06259,M5387,M9965,K2930,M109,E0541,I160,N3081,,,,,,,,,,,,10157.31,True
13a3ceb10e2089aa,a1f5affe4a19b235,2017-01-04T00:00:00.000-06:00,2017-01-08T00:00:00.000-06:00,460,M70929,G511,N072,F482,E878,R7309,E782,J0511,J324,F3176,Z635,,,,,,F07K6YZ,F07K1EZ,,,,,,,,,8291.17,True
59bd892fc1476461,3f6cc22dce73a55f,2017-07-24T00:00:00.000-05:00,2017-07-26T00:00:00.000-05:00,79,G3185,F447,,,,,,,,,,,,,,,,,,,,,,,,,7575.02,True
974bc3440a767f9a,de73c50ffa4b78f0,2018-07-16T00:00:00.000-05:00,2018-07-23T00:00:00.000-05:00,7,I289,I368,N027,F482,N200,F0781,,Z6826,N209,N058,E0789,I151,N003,I2601,K633,,0T5B7ZZ,0TN47ZZ,BQ1PZZZ,0T9B8ZX,,,,,,,19852.67,True
974bc3440a767f9a,f83b522b8bb10396,2018-09-14T00:00:00.000-05:00,2018-09-17T00:00:00.000-05:00,857,A5043,E872,N99511,I314,N281,E860,I0989,R6252,I10,I059,N070,F0390,G3109,Z48812,E860,,,,,,,,,,,,7193.44,True
ad104659fe7e1cb3,1d4c6730956853d7,2017-07-05T00:00:00.000-05:00,2017-07-14T00:00:00.000-05:00,246,I2722,I236,I423,I372,E035,I152,M818,I2782,,,,,,,,,,,,,,,,,,,14406.79,True
ad104659fe7e1cb3,f6fcee15d2662655,2017-07-20T00:00:00.000-05:00,2017-07-22T00:00:00.000-05:00,617,E878,N390,Q6622,K529,E860,I25811,M816,I280,E041,K210,I130,Z635,I5084,,,,,,,,,,,,,,14598.85,False
ad104659fe7e1cb3,09746314840dfabf,2017-09-27T00:00:00.000-05:00,2017-10-05T00:00:00.000-05:00,219,I50810,I493,,E7800,,,,,,,,,,,,,02RH38Z,027J44Z,04943ZZ,,,,,,,,41950.99,False
ad104659fe7e1cb3,82d965e70f43ea15,2017-10-30T00:00:00.000-05:00,2017-10-31T00:00:00.000-05:00,616,E860,I236,I4510,F04,G3101,F0631,I119,E781,E0580,I069,,,,,,,,,,,,,,,,,5790.6,True
f3baaf74cb5487d5,819c6de1e2057f5d,2018-04-10T00:00:00.000-05:00,2018-04-14T00:00:00.000-05:00,294,I7770,B2781,N365,N139,D539,I132,N35011,F070,M05771,E68,E781,,,,,,,,,,,,,,,,10034.17,True
358e0b5a855e1083,151b0cc58094c3a6,2018-06-14T00:00:00.000-05:00,2018-06-19T00:00:00.000-05:00,180,J430,H5319,Z9359,I70221,T39096S,,J470,,,,,,,,,,,,,,,,,,,,4226.96,True
358e0b5a855e1083,6320c5f02dca45f5,2018-06-19T00:00:00.000-05:00,2018-07-04T00:00:00.000-05:00,194,J432,J80,B430,E71540,Z959,J8482,R3919,E872,G210,E7401,K311,K669,H40032,R680,J9690,,,,,,,,,,,,21598.27,False
358e0b5a855e1083,c9d56b596132029c,2018-11-26T00:00:00.000-06:00,2018-12-05T00:00:00.000-06:00,855,A260,J95850,J410,E872,J9620,I7779,J84841,Z7151,,,,,,,,,09HN7BZ,0WHQ73Z,3E0H76Z,,,,,,,,40218.48,False
9a3aee9495fe8899,790a7e3527a78027,2018-10-03T00:00:00.000-05:00,2018-10-06T00:00:00.000-05:00,453,M13141,D611,K5282,I420,R338,E785,R9439,I70291,,,,,,,,,0SUQ3KZ,,,,,,,,,,12210.28,False
b4a1fde5bb7526c6,4846630ba1d5c8f1,2017-05-04T00:00:00.000-05:00,2017-05-05T00:00:00.000-05:00,32,I69811,B3320,I724,I351,K2940,Z364,,,,,,,,,,,,06L43ZZ,,,,,,,,,6124.2,False
b74b352999681ef7,67ed3dff0d2b1650,2018-10-25T00:00:00.000-05:00,2018-10-28T00:00:00.000-05:00,32,I69833,I69244,I498,G709,M816,L200,I110,K271,E782,M08071,,R29704,K668,E784,Z022,,,,,,,,,,,,5826.47,True
dab732bebfe8d372,332a0276ca6408be,2017-09-28T00:00:00.000-05:00,2017-10-01T00:00:00.000-05:00,147,J0430,J219,J1189,M26629,F4312,K2210,I10,,,,,,,,,,,,,,,,,,,,3505.78,True
756c1c0c56e2d9a4,7b2d735baaa3cacc,2018-05-08T00:00:00.000-05:00,2018-05-12T00:00:00.000-05:00,241,I253,E876,J430,S56498D,Z7983,R786,,,,,,,,,,,B207YZZ,0272356,B205YZZ,0B748DZ,,,,,,,17366.75,False
819eea80ec915e16,57b1950afbc5e892,2018-06-03T00:00:00.000-05:00,2018-06-04T00:00:00.000-05:00,857,A449,K5669,E8881,N262,E771,,C6291,,,,,,,,,,,,,,,,,,,,3663.49,False
819eea80ec915e16,c49a0168b6bb8ad2,2018-09-21T00:00:00.000-05:00,2018-09-27T00:00:00.000-05:00,347,K51218,N341,K4191,I152,,Z6825,D813,C61,,,,,,,,,0D9N3ZZ,0DCE4ZZ,0TN08ZZ,,,,,,,,16249.69,False
c2f23722bec13f54,938184abbe9aac17,2018-05-24T00:00:00.000-05:00,2018-05-27T00:00:00.000-05:00,191,J22,I232,E70338,E783,C44791,Z125,E7141,,,,,,,,,,0BW18KZ,,,,,,,,,,13361.41,False
17f20066992549fd,c280fbfb7cfd8398,2017-02-01T00:00:00.000-06:00,2017-02-03T00:00:00.000-06:00,533,M25272,E109,I151,E7801,M9952,,,,,,,,,,,,0RUK3JZ,0RR007Z,,,,,,,,,14139.1,False
26c3655046b97bdb,b278c3f799fddb90,2017-10-01T00:00:00.000-05:00,2017-10-07T00:00:00.000-05:00,264,N982,N178,G808,R803,I132,L88,K5740,N39491,T85390A,L03124,L02234,N172,D518,R194,R350,,,,,,,,,,,,14027.31,True
5bf095df15582be3,d2f050b15e5cda3a,2017-01-31T00:00:00.000-06:00,2017-02-05T00:00:00.000-06:00,886,F24,,,,,,,,,,,,,,,,,,,,,,,,,,4044.98,False
5bf095df15582be3,b24750306f6d1b2f,2018-07-10T00:00:00.000-05:00,2018-07-25T00:00:00.000-05:00,876,F060,,,,,,,,,,,,,,,,,,,,,,,,,,9754.57,False
5bf095df15582be3,a2916c1f66636723,2018-11-18T00:00:00.000-06:00,2018-11-25T00:00:00.000-06:00,885,F201,,,,,,,,,,,,,,,,,,,,,,,,,,2.0,False
5bf095df15582be3,5bdfdae4cafb214d,2018-12-23T00:00:00.000-06:00,2019-01-09T00:00:00.000-06:00,880,F201,T374X2D,M1209,,E783,M25562,F4001,,,,,,,,,,,,,,,,,,,,9.0,False
6e1e85b9ca6a751d,ae12db024942dd14,2018-12-07T00:00:00.000-06:00,2018-12-10T00:00:00.000-06:00,221,I450,I229,I2609,I5040,I378,I160,I4940,I070,I300,,,,,,,,B213YZZ,02734Z6,02714ZZ,4A020PZ,B2161ZZ,,,,,,10794.3,False
6e1e85b9ca6a751d,34b21d5c3e8cb9a7,2019-01-05T00:00:00.000-06:00,2019-01-06T00:00:00.000-06:00,314,I150,R0789,I25118,L97306,Z2913,I349,I4902,I5082,Z954,M05649,Z44121,Z605,I409,,,,3E0334Z,,,,,,,,,,7490.71,True
7b32591a709810c6,c07e92ea71110b9c,2017-10-16T00:00:00.000-05:00,2017-10-27T00:00:00.000-05:00,857,A562,I50813,N209,J9602,E876,Z886,E8779,K5741,I256,A99,J479,R072,E0921,E13641,Z9981,,0DH80UZ,0BH18EZ,0FR907Z,3E033GQ,3E0536Z,3E0506Z,02HV03Z,03HG43Z,,,30531.08,True
7b32591a709810c6,a0b354305effe30b,2017-10-27T00:00:00.000-05:00,2017-11-13T00:00:00.000-06:00,854,A393,K5000,J9690,E1337X1,E861,F0280,T8482XD,B740,R5082,I152,K228,F40240,F0634,J439,K599,,04HP43Z,,,,,,,,,,19451.64,False
7b32591a709810c6,5973773357de5c1a,2017-11-13T00:00:00.000-06:00,2017-11-29T00:00:00.000-06:00,946,Z363,R188,A207,I058,I088,,T8051XS,R7302,J471,I130,J4550,F0280,,,,,,,,,,,,,,,16154.1,False
7b32591a709810c6,915b8584aaf26a0f,2018-05-27T00:00:00.000-05:00,2018-06-02T00:00:00.000-05:00,329,R1935,K6289,F0281,E113511,J479,I0989,D562,I1311,J45991,E070,,K219,R130,F424,F308,,0Y954ZZ,0FV50CZ,0F7D0ZZ,0FN23ZZ,,,,,,,14375.36,False
7b32591a709810c6,300305962b448e89,2018-06-02T00:00:00.000-05:00,2018-06-07T00:00:00.000-05:00,940,Z550,J430,I309,I10,T84129A,G9349,E0521,I2724,A3681,,,,,,,,,,,,,,,,,,4.0,False
7b32591a709810c6,47fa2850d9198e62,2018-06-07T00:00:00.000-05:00,2018-06-18T00:00:00.000-05:00,616,E0944,G913,I5040,D520,N99512,G518,I25119,J9602,E872,I151,B469,J479,K252,J9383,N3942,,30240L1,,,,,,,,,,8685.7,True
7b32591a709810c6,0cd6fdfbc137e1f8,2018-06-18T00:00:00.000-05:00,2018-07-06T00:00:00.000-05:00,100,G5722,E083592,E093531,N079,B967,M67831,A3681,Z955,I5089,I1310,J430,J4532,,E033,K275,,,,,,,,,,,,24597.5,False
7b32591a709810c6,f01f1cdf8b20c535,2018-07-28T00:00:00.000-05:00,2018-07-31T00:00:00.000-05:00,653,N031,I2119,J431,Z952,G9341,,I130,E049,R10811,K311,I060,M12162,L569,H16002,J45909,,,,,,,,,,,,5339.78,True
7b32591a709810c6,402793ef8f8041e7,2018-07-31T00:00:00.000-05:00,2018-08-07T00:00:00.000-05:00,656,N3289,L2489,E11329,I161,J449,E060,I517,N5231,,I0981,,,,,,,,,,,,,,,,,20801.95,False
e54ac7d151dddab8,3bc5e65dad3d748b,2017-07-31T00:00:00.000-05:00,2017-08-06T00:00:00.000-05:00,841,C9151,K262,D57211,D220,I232,Z635,R823,I10,I234,R0682,I222,E785,C7A093,C662,C4A0,,0D9M7ZX,0DDA8ZX,30263T0,,,,,,,,9942.34,False
e54ac7d151dddab8,9a77b934d4451601,2017-08-23T00:00:00.000-05:00,2017-08-25T00:00:00.000-05:00,816,D72818,K226,C8493,I21A1,L255,D609,I169,I519,K598,C661,Z8547,I229,R781,Z86012,C689,,30233V0,,,,,,,,,,7178.65,True
e54ac7d151dddab8,e30e40fa628e6314,2017-12-07T00:00:00.000-06:00,2017-12-11T00:00:00.000-06:00,808,D709,C84A2,D684,T7804XS,J810,,L505,G5623,I010,I2789,I110,I453,S84809D,Z942,,,30240V0,,,,,,,,,,6555.28,True
e54ac7d151dddab8,86bd44715a26c91d,2018-04-06T00:00:00.000-05:00,2018-04-16T00:00:00.000-05:00,334,C183,C8398,N142,D0761,C4712,,,,,,,,,,,,0FP043Z,,,,,,,,,,15881.83,False
e54ac7d151dddab8,93d03700ef6691f8,2018-07-04T00:00:00.000-05:00,2018-07-16T00:00:00.000-05:00,862,A304,L598,N361,Z9359,C9132,E539,D680,I280,I5189,D608,I110,,C6311,Z955,R783,,30240W1,30250V1,B44BZZZ,,,,,,,,10082.48,True
2badbe66ca16107d,6650ec22ea7883a9,2017-02-10T00:00:00.000-06:00,2017-02-12T00:00:00.000-06:00,546,M12412,E874,T7800XS,D72821,M05469,M66159,H10529,I159,M816,H6643,L2083,,,,,,0SRF0J9,,,,,,,,,,10442.93,False
2badbe66ca16107d,a4a94bfd910a6095,2017-11-24T00:00:00.000-06:00,2017-11-26T00:00:00.000-06:00,353,K650,E875,E8779,I151,Z933,G2119,M818,E783,M61552,H6530,,,,,,,,,,,,,,,,,3914.33,True
2badbe66ca16107d,7d57c5babd594801,2018-01-26T00:00:00.000-06:00,2018-01-28T00:00:00.000-06:00,537,M05811,E872,I674,M816,E780,D57419,L503,M6729,,,,,,,,,0RUQ4JZ,,,,,,,,,,10912.39,False
3f0685333609bd1f,21d5346b31968f5a,2018-08-21T00:00:00.000-05:00,2018-08-22T00:00:00.000-05:00,193,B392,Z6825,E7800,Z6851,I151,K277,,G138,D075,Z8651,,,,,,,,,,,,,,,,,6146.64,True
a7b0bd839b3a5fee,74ecf8fa165f3e20,2018-06-19T00:00:00.000-05:00,2018-06-23T00:00:00.000-05:00,547,M4653,E878,I2601,M4808,I1311,F064,E785,Z951,R049,G7080,M5405,M5091,M9989,,,,01N10ZZ,,,,,,,,,,11728.8,True
a7b0bd839b3a5fee,365cdeed3d0b43fc,2018-06-23T00:00:00.000-05:00,2018-06-30T00:00:00.000-05:00,546,Z0130,M719,M532X6,N262,Z943,R54,E878,E780,K624,I208,F3011,F4002,Z8711,,,,,,,,,,,,,,14019.06,False
a8dce473fe51edc4,760e9c018285b96c,2017-05-02T00:00:00.000-05:00,2017-05-05T00:00:00.000-05:00,508,M13849,N262,Z640,R783,,,,,,,,,,,,,0RUR0JZ,,,,,,,,,,12046.56,False
b8b7b6de59f5e614,5b516743c22b4326,2018-09-18T00:00:00.000-05:00,2018-09-20T00:00:00.000-05:00,920,T6093XS,G969,M899,F250,F11922,K2921,F19988,T405X5A,T6114XD,T65294S,,,,,,,009U4ZX,,,,,,,,,,7.0,True
cb0cd3de2a806760,6ad2ca3426b2c658,2018-09-26T00:00:00.000-05:00,2018-09-29T00:00:00.000-05:00,350,R1112,K210,K51218,K653,E861,R7302,F40218,I80209,K624,,,,,,,,0DDB8ZX,0D9K0ZX,0DB87ZZ,,,,,,,,3138.86,True
cb0cd3de2a806760,ff7c9746d982433b,2018-10-01T00:00:00.000-05:00,2018-10-04T00:00:00.000-05:00,379,R1112,F429,E872,T781XXD,,,,,,,,,,,,,,,,,,,,,,,4379.18,False
0568adb0c80cc3b1,85670c388bae3952,2018-07-16T00:00:00.000-05:00,2018-07-19T00:00:00.000-05:00,372,K283,D512,I132,E785,I4892,M14831,E861,K4131,D0591,I079,I234,R9341,,,,,0DCB7ZZ,30273M1,,,,,,,,,5784.82,True
43e0fa2b4b82fb9b,a48ba9529de2b93f,2018-03-17T00:00:00.000-05:00,2018-03-20T00:00:00.000-05:00,498,S72325P,M19122,I119,M364,E7801,,,,,,,,,,,,0PHB34Z,,,,,,,,,,12585.8,True
8fcb838365d2219c,a431d189bbb0aca9,2018-02-17T00:00:00.000-06:00,2018-02-21T00:00:00.000-06:00,260,I482,N1371,G90521,L506,L278,E032,M05752,I130,I70263,A1884,M25319,,,,,,,,,,,,,,,,4331.41,True
8fcb838365d2219c,fc6d7b8c4e1e2161,2018-04-05T00:00:00.000-05:00,2018-04-10T00:00:00.000-05:00,59,I6900,,E7253,I372,H30013,M769,E039,E783,I10,I25119,I83208,M66173,M12461,M08961,M25471,,B241ZZZ,,,,,,,,,,9037.03,False
9da36b2e9958f399,a8c904a9d7ef6c82,2018-11-29T00:00:00.000-06:00,2018-11-30T00:00:00.000-06:00,655,N071,E872,N3946,I301,I1311,R3915,E872,E780,D510,M816,I77811,,Z655,N19,L2081,,,,,,,,,,,,4251.14,True
ef7cd1cf80fc2477,ea36d018c32b08f9,2018-10-08T00:00:00.000-05:00,2018-10-11T00:00:00.000-05:00,378,K264,C172,K7111,K761,I169,K2991,E119,D569,A984,N413,K219,K281,R85615,,,,0DJ68ZZ,,,,,,,,,,7004.99,True
ef7cd1cf80fc2477,8fbf28f65239402d,2018-12-02T00:00:00.000-06:00,2018-12-04T00:00:00.000-06:00,433,K751,K922,R3914,D699,K5520,D002,R160,Z466,E1059,R063,D511,K31819,B199,R784,E872,,0D978ZX,30250K1,30243M0,,,,,,,,11516.93,True
f3b8588946d3f4c2,75ed9b55bfeccb5a,2018-07-01T00:00:00.000-05:00,2018-07-06T00:00:00.000-05:00,0,M4807,G8314,D631,I1310,N35021,J45909,E8779,,,E0511,I724,E7800,N4889,E730,,,018N3ZZ,0S523ZZ,,,,,,,,,9585.98,False
f3b8588946d3f4c2,507dccbdc47a885f,2018-07-06T00:00:00.000-05:00,2018-07-12T00:00:00.000-05:00,558,M9979,G8191,R1932,M86072,I69051,G8383,N202,M4816,M532X8,,I152,E0541,E783,,J4532,,,,,,,,,,,,13378.16,False
f3b8588946d3f4c2,a1a20b441ce84349,2018-11-29T00:00:00.000-06:00,2018-11-30T00:00:00.000-06:00,226,I70231,I728,I75011,I158,,E0580,J432,G5793,G111,N4601,I775,Z0375,Z7183,R9431,,,,,,,,,,,,,10845.55,False
f3b8588946d3f4c2,ca4615a9e6a6685c,2018-12-13T00:00:00.000-06:00,2018-12-16T00:00:00.000-06:00,618,E288,T508X6A,J9381,I4891,D4989,D68311,D590,E872,I96,I079,J479,K764,I110,K31811,K277,,30260W1,,,,,,,,,,7278.87,True
4dd950d2fd5cb095,0343ff4d978459d9,2018-09-02T00:00:00.000-05:00,2018-09-03T00:00:00.000-05:00,464,M2508,Z4901,I110,D588,Z9842,C50411,D762,,,,,,,,,,0SRA0JZ,,,,,,,,,,13137.5,False
853d2c65b7ccb776,dd2bfcc609bc2f2c,2018-05-28T00:00:00.000-05:00,2018-05-31T00:00:00.000-05:00,284,R079,J688,C50421,M05141,,,M9968,I25750,H663X3,Z9109,,,,,,,4A027N8,B2110ZZ,B21FYZZ,B4100ZZ,,,,,,,7054.8,True
853d2c65b7ccb776,18e3fc875cf2de87,2018-08-24T00:00:00.000-05:00,2018-08-28T00:00:00.000-05:00,194,I2690,D690,I280,M9971,M05071,C50819,,,,,,,,,,,,,,,,,,,,,5966.14,True
853d2c65b7ccb776,324aa2802baf743b,2018-10-09T00:00:00.000-05:00,2018-10-10T00:00:00.000-05:00,542,S82454N,Z951,I150,S82451D,K257,C50221,,,,,,,,,,,,,,,,,,,,,6.0,True
853d2c65b7ccb776,74993232eddb7665,2018-11-14T00:00:00.000-06:00,2018-11-15T00:00:00.000-06:00,382,A013,K8502,J671,S1202XA,S42223G,K4031,J430,J45901,E872,F40210,,R1030,R109,K2951,L243,,0WCH0ZZ,,,,,,,,,,8365.97,True
c1c4d01b0cba821e,fb54c168f258f415,2017-09-16T00:00:00.000-05:00,2017-09-17T00:00:00.000-05:00,505,M479,I150,J45901,E781,M19231,I720,R890,Z9149,,,,,,,,,0SG84JZ,,0SG30KJ,0RGS3KZ,0RHK38Z,,,,,,19142.0,False
c1c4d01b0cba821e,e48e56d14aa37dec,2018-07-31T00:00:00.000-05:00,2018-08-01T00:00:00.000-05:00,336,K51218,D581,I151,M5186,K631,K50918,I82A13,I729,Z8651,,,,,,,,0DC88ZZ,,,,,,,,,,4428.99,False
c1c4d01b0cba821e,6afd41035168af94,2018-09-07T00:00:00.000-05:00,2018-09-09T00:00:00.000-05:00,502,M4694,M532X5,M21739,I120,J4541,,K2960,I70299,,,,,,,,,0SGL35Z,0SG13K0,0QPJ44Z,01N60ZZ,,,,,,,33581.03,False
c1c4d01b0cba821e,3d649a2d5b4ed649,2018-09-09T00:00:00.000-05:00,2018-09-23T00:00:00.000-05:00,940,R862,M70932,M21531,M5414,N262,G8922,E872,K51313,G210,,,,,,,,,,,,,,,,,,19200.06,False
62673e484106bf9e,0204bb17f0d90945,2018-12-21T00:00:00.000-06:00,2019-01-01T00:00:00.000-06:00,691,Z4932,I63549,Q52123,R880,K909,I998,J4530,G7001,R456,E611,M830,T40994A,N3020,I75021,M4819,,03HB33Z,BQ08ZZZ,,,,,,,,,12825.77,True
87502b05af052f19,0e8851ecc7af1dfd,2018-01-09T00:00:00.000-06:00,2018-01-11T00:00:00.000-06:00,698,Z960,E8779,F8082,R1935,D559,N044,F919,,,,,,,,,,,,,,,,,,,,5855.12,True
87502b05af052f19,b0175fe503437d6d,2018-02-20T00:00:00.000-06:00,2018-02-27T00:00:00.000-06:00,863,A228,J328,N3080,A1889,E875,D608,M810,Z992,E874,N3041,K900,S21331S,S66104S,F819,H5201,,0HQFXZZ,,,,,,,,,,14121.57,True
87502b05af052f19,26bb0af9f6a0927a,2018-03-02T00:00:00.000-06:00,2018-03-04T00:00:00.000-06:00,40,G40119,D81818,R480,F079,N025,E71312,I468,H40053,D611,C55,,,,,,,,,,,,,,,,,6818.73,True
87502b05af052f19,efe7ac13e740800c,2018-04-18T00:00:00.000-05:00,2018-04-22T00:00:00.000-05:00,856,A57,F88,M67351,N039,I2582,J0191,M216X1,H26121,M12351,D067,,,,,,,,,,,,,,,,,8056.86,True
e46c683f5bf627cf,589501756dfef7a0,2018-09-05T00:00:00.000-05:00,2018-09-09T00:00:00.000-05:00,282,I25758,Z4509,I1310,E780,F40248,J45998,,,,,,,,,,,021248F,02114A9,06BQ3ZX,,,,,,,,32195.79,False
ec725feba71f710f,bad09e47a4918b95,2018-06-20T00:00:00.000-05:00,2018-06-21T00:00:00.000-05:00,286,I352,I5040,T84053A,Q6239,K222,I313,R81,K2211,M5415,F349,E8340,E784,I10,I70231,C6312,,,,,,,,,,,,3448.35,True
0f6a5537175661fa,2264306a3d143df6,2018-08-16T00:00:00.000-05:00,2018-08-18T00:00:00.000-05:00,683,N1370,N390,G253,E875,I7409,I498,D562,I1311,Z1271,Z73819,E874,,,,,,,,,,,,,,,,5124.71,False
358be5decd99ab41,1444998d841f4ef7,2017-01-03T00:00:00.000-06:00,2017-01-06T00:00:00.000-06:00,666,R338,B59,J410,K310,E781,N358,I236,I222,,,,,,,,,,,,,,,,,,,6339.08,False
358be5decd99ab41,b55ab549bb52c7c1,2018-02-27T00:00:00.000-06:00,2018-03-06T00:00:00.000-06:00,0,I280,R835,J80,J982,J112,N3644,N320,D6959,J9600,Z8701,T80410A,D608,A3681,E872,E780,,02UF4KZ,0B9P0ZZ,,,,,,,,,42862.04,False
90c6d1a92c998009,a720eb1fe44667f8,2017-01-11T00:00:00.000-06:00,2017-01-15T00:00:00.000-06:00,197,J09X2,E099,R200,K0522,,,,,,,,,,,,,,,,,,,,,,,6158.58,True
94fc1e5e3051fd26,a7da8ef6e7888321,2018-10-14T00:00:00.000-05:00,2018-10-18T00:00:00.000-05:00,265,I5023,E083553,I158,I25750,B380,D61818,I422,E7800,R780,I359,,,,,,,B21F0ZZ,02733G6,B2040ZZ,B2140ZZ,B41F110,,,,,,9926.95,True
21964a0a6f59b581,a34ba2fccae7dce1,2017-03-29T00:00:00.000-05:00,2017-04-01T00:00:00.000-05:00,628,E870,I368,I309,A3950,T709XXD,I119,I220,E7801,I82591,I824Y3,E7132,E7029,,,,,,,,,,,,,,,6379.7,True
21964a0a6f59b581,78b20825df60ecd6,2017-04-03T00:00:00.000-05:00,2017-04-18T00:00:00.000-05:00,261,I241,I25118,I481,D631,E870,B3321,I2721,I25119,I309,I2721,I39,I484,I070,I501,S66909S,,02UF3JZ,02110K8,5A15223,B346ZZZ,B213110,BQ03ZZ1,,,,,59792.5,True
21964a0a6f59b581,bf1cdb7c888999bd,2017-07-19T00:00:00.000-05:00,2017-07-22T00:00:00.000-05:00,307,I2541,Z86711,L98421,Z9861,Z6851,I151,E71121,I010,Z955,Z00129,Z608,I288,I272,E785,Z6371,,,,,,,,,,,,5555.6,True
7623751fa7363867,ef34defa5a6b3e62,2017-01-28T00:00:00.000-06:00,2017-02-01T00:00:00.000-06:00,231,E133513,L271,D591,L89123,J438,N433,E7801,Z91412,,,,,,,,,051A0KY,,,,,,,,,,16472.27,False
7623751fa7363867,93ba26b99c4a03e0,2018-07-29T00:00:00.000-05:00,2018-08-03T00:00:00.000-05:00,872,A391,Z91030,I7101,K254,E876,D609,I70232,Z134,E109,I158,K767,J4532,G40409,K52838,D601,,,,,,,,,,,,12601.61,True
8178ef7151c9d497,7d4ca86c87913cc1,2018-03-22T00:00:00.000-05:00,2018-03-25T00:00:00.000-05:00,357,K50019,N250,E133391,I132,I1311,N33,E71118,E781,N2884,A199,E7519,R8769,Z69011,R783,,,0FWG33Z,,,,,,,,,,8113.44,True
8178ef7151c9d497,ab871540afb835cc,2018-03-30T00:00:00.000-05:00,2018-04-01T00:00:00.000-05:00,168,J1000,G8100,G111,Z9641,R801,S86092A,R399,I151,M12342,N39491,,E780,E201,Z48288,Z592,,,,,,,,,,,,6451.1,True
b08b1ccdfe0f5c93,bd183906dd1ac7ae,2017-01-17T00:00:00.000-06:00,2017-01-20T00:00:00.000-06:00,234,I82543,D731,N052,K8689,M67412,I708,T7809XA,Z91411,D720,G4485,G90512,Q860,F18988,S56092D,I70228,,,,,,,,,,,,5555.39,True
b08b1ccdfe0f5c93,7b3529337199409c,2017-12-04T00:00:00.000-06:00,2017-12-07T00:00:00.000-06:00,896,F10220,F16188,G40419,E7212,K2970,F40232,F39,,,,,,,,,,,,,,,,,,,,3350.85,True
b08b1ccdfe0f5c93,f6c9a38ac0e0cbd0,2018-02-23T00:00:00.000-06:00,2018-03-01T00:00:00.000-06:00,696,N070,R4702,E8779,M7581,Z8669,N3011,G40919,I739,Z323,K222,G580,F3171,,F10230,E781,,03N24ZZ,B54LZZA,,,,,,,,,8360.81,True
b08b1ccdfe0f5c93,0faf044210320508,2018-03-05T00:00:00.000-06:00,2018-03-06T00:00:00.000-06:00,29,G40509,G540,N35021,F10959,F349,E875,E7139,E099,I70244,E872,F1311,M5091,G44201,G523,,,,,,,,,,,,,10230.38,True
b08b1ccdfe0f5c93,faefe2b6b0865e0b,2018-04-21T00:00:00.000-05:00,2018-04-25T00:00:00.000-05:00,39,G4763,N218,E8771,E874,G40911,T50A93D,R41843,E781,E870,E8771,F314,F40248,F10921,G44311,G547,,4A10X4Z,0T9B80Z,,,,,,,,,6762.69,True
b08b1ccdfe0f5c93,3736bd5f0aafa071,2018-05-18T00:00:00.000-05:00,2018-05-29T00:00:00.000-05:00,665,N261,G8918,E46,E874,I898,I160,K629,M62072,E8581,N3289,D532,E871,I77810,D696,G43829,,03WY30Z,B210010,06HT3DZ,BQ10YZZ,,30260W1,0T9B80Z,04HE43Z,B54JZZ3,,10283.36,True
b08b1ccdfe0f5c93,dfdd64a01bf1ff4c,2018-05-29T00:00:00.000-05:00,2018-06-19T00:00:00.000-05:00,671,N009,I151,M65831,N218,D590,G40209,E860,E70338,N111,B470,F1310,R7302,Z6843,K2951,J441,,,0WW2XYZ,,,,,,,,,30777.28,False
b09899b15ecb3da3,b8156988380fc52b,2017-05-05T00:00:00.000-05:00,2017-05-07T00:00:00.000-05:00,853,A5421,J95850,J101,J441,A239,Z046,D593,H74312,Z4789,,,,,,,,,,,,,,,,,,12897.02,True
b09899b15ecb3da3,9b1d1dc8d9f39e48,2018-11-11T00:00:00.000-06:00,2018-11-14T00:00:00.000-06:00,208,S65112A,E59,S95809A,S52379R,H70009,R868,,,,,,,,,,,5A09557,5A1945Z,,,,,,,,,18883.28,True
b09899b15ecb3da3,2970d935f1c90abc,2018-11-19T00:00:00.000-06:00,2018-11-28T00:00:00.000-06:00,854,A192,J940,J9692,J0301,K613,D641,H68001,J983,F1320,Z91018,Z452,D520,J438,,,,0B9P8ZX,0BNF4ZZ,,,,,,,,,37140.9,True
c1011bd75cb76c97,9a50bc0fe5b8f209,2017-05-04T00:00:00.000-05:00,2017-05-07T00:00:00.000-05:00,770,F5102,F3189,O9822,O1203,O30829,,T38906D,M9976,M48062,F13259,O350XX3,F40231,B677,,,,10D00Z2,,,,,,,,,,3725.85,False
c5e130bf7328f177,49ae9c3560357e90,2017-04-01T00:00:00.000-05:00,2017-04-04T00:00:00.000-05:00,343,K5781,E8352,G4089,I150,,F3010,E7150,F40231,R892,R509,,,,,,,,,,,,,,,,,3236.68,True
cc0a590ec5c5f247,c65d9120d4ffa308,2017-10-09T00:00:00.000-05:00,2017-10-11T00:00:00.000-05:00,349,K280,T362X6D,E133313,D581,N3941,R4586,K420,I169,R3121,E7800,M62559,,C50419,,M7052,,0D917ZX,,,,,,,,,,7.0,True
2850b4257535e11a,8c31dc9ff8d40bc8,2017-01-07T00:00:00.000-06:00,2017-01-14T00:00:00.000-06:00,205,S62134S,J9620,J0190,I39,J440,E859,K22710,I21A9,M12242,M1A0591,K3189,S90426D,Z87891,,Z03818,,,,,,,,,,,,8405.65,True
2850b4257535e11a,c2064a4bf3b19ef2,2018-03-15T00:00:00.000-05:00,2018-03-17T00:00:00.000-05:00,866,J359,J9620,I272,J42,K219,J17,R824,,K2901,N4400,M1A4420,,,,,,,,,,,,,,,,8085.5,True
3d930973e43dd7d8,eb1fe3c705ca0374,2018-03-03T00:00:00.000-06:00,2018-03-08T00:00:00.000-06:00,349,K50011,I5022,E781,K2980,I8311,F40232,E873,,,,,,,,,,06H633Z,,,,,,,,,,3556.79,False
4e0ab13af4d94d63,e1b3d0c1d9006059,2018-02-16T00:00:00.000-06:00,2018-02-19T00:00:00.000-06:00,467,T82524D,R360,R1932,M62261,Z5731,,,,,,,,,,,,0SR9039,0SH34BZ,0RPD0JZ,0SU93JZ,,,,,,,18954.77,False
5ed36ccfea7ddd9c,41c37a23036aef96,2018-04-21T00:00:00.000-05:00,2018-04-28T00:00:00.000-05:00,233,I5021,I4430,E878,E08610,E860,K5532,I159,R10816,,N39492,,E782,Z700,Z743,Z48298,,5A12012,,,,,,,,,,10014.37,True
5ed36ccfea7ddd9c,05a2891c00c7b7e3,2018-06-20T00:00:00.000-05:00,2018-06-23T00:00:00.000-05:00,715,N481,A391,A5279,I051,E119,I1311,E784,F340,Z7952,R785,E1351,E780,I5082,,,,,,,,,,,,,,7303.2,True
82012afc2af3f0b7,26efeb15caf9531c,2018-03-10T00:00:00.000-06:00,2018-03-13T00:00:00.000-05:00,580,L02531,E770,E139,I39,I1311,G43019,L98422,E781,,E771,E7421,L89103,H02879,C3492,Z44022,,,,,,,,,,,,4537.45,True
82012afc2af3f0b7,a5d9d28d96d2e2a8,2018-07-03T00:00:00.000-05:00,2018-07-06T00:00:00.000-05:00,592,L02231,I5030,E099,E71529,I110,R781,I82421,H33313,E8310,B674,,,,,,,,,,,,,,,,,4728.74,True
90f3f8a7ed2077f0,172877ace6a0360d,2017-08-09T00:00:00.000-05:00,2017-08-11T00:00:00.000-05:00,231,I2721,Z950,M9944,I314,I078,Z126,I10,I462,E7801,J440,K312,J8489,Z5189,R783,R1933,,B2181ZZ,BQ11ZZZ,,,,,,,,,5394.46,False
b53c1a376bdaabae,80fac05ed1caa275,2017-02-04T00:00:00.000-06:00,2017-02-08T00:00:00.000-06:00,457,S52341R,E063,I1311,R10824,L2084,,,,,,,,,,,,0RUQ47Z,,,,,,,,,,11420.23,True
b53c1a376bdaabae,dc64b2d5950b8cbd,2017-02-08T00:00:00.000-06:00,2017-02-18T00:00:00.000-06:00,946,Z5682,R8569,M7188,I10,G131,M67312,K222,E02,K5931,M19149,T372X6S,,,,,,,,,,,,,,,,16114.27,False
b53c1a376bdaabae,cab9826dbb613025,2018-08-14T00:00:00.000-05:00,2018-08-18T00:00:00.000-05:00,865,B007,K263,E0511,I160,R7303,K52832,E873,R152,K829,E8771,T781XXA,,,,,,,,,,,,,,,,5384.27,True
de90633a17aab44b,70003de7cd64a609,2017-08-20T00:00:00.000-05:00,2017-08-25T00:00:00.000-05:00,682,C671,E089,I160,N4839,J4542,I2721,K229,F3289,E7800,F4310,E708,O99311,F1327,E661,Z4541,,0T564ZZ,4A1675Z,0T170JC,6A150ZZ,,,,,,,20861.44,False
de90633a17aab44b,606a09f053d45e7a,2017-12-05T00:00:00.000-06:00,2017-12-07T00:00:00.000-06:00,872,A394,E083291,N046,C641,N2883,J8482,D551,E870,,Z794,I256,R783,,,,,,,,,,,,,,,5904.82,True
de90633a17aab44b,8e22814777a8922a,2018-03-18T00:00:00.000-05:00,2018-03-21T00:00:00.000-05:00,664,N3943,D563,E872,,A4151,N135,N170,D0919,Z951,R7303,I160,E785,E7021,E8881,E503,,30263K0,,,,,,,,,,9409.39,True
1af7fdbc8eb972e0,60d69e39e740c1cb,2017-12-13T00:00:00.000-06:00,2017-12-14T00:00:00.000-06:00,147,H66009,G5723,H353111,,D691,F064,F428,E7801,I160,Z575,D0760,R786,,,,,,,,,,,,,,,3959.66,True
56f028d28d8fcc6e,6e0dc03391a99953,2018-10-30T00:00:00.000-05:00,2018-11-02T00:00:00.000-05:00,498,M4324,I0981,I120,E705,I515,I2589,Z8659,R5084,R509,E7200,C50221,N059,M65152,K4030,A3952,,0RGK3JZ,0RTB0ZZ,01NF4ZZ,01N00ZZ,0SGD4ZZ,,,,,,28349.7,False
60e7fb6714df116b,fd3433552442393c,2018-03-13T00:00:00.000-05:00,2018-03-15T00:00:00.000-05:00,376,K51519,C8357,I0981,I2699,E0789,E780,E784,R259,I161,I2542,R194,I071,,,,,,,,,,,,,,,3448.7,True
7b93d20ffd3b1452,d031d6845867f1d8,2017-04-01T00:00:00.000-05:00,2017-04-04T00:00:00.000-05:00,489,M25332,D512,J4530,Z6832,T82329A,I150,K311,M818,L561,Z72811,,,,,,,0RRK0KZ,3E043GC,,,,,,,,,12649.46,False
911f3c1fcd979d07,682537a2cf660b55,2017-07-19T00:00:00.000-05:00,2017-08-02T00:00:00.000-05:00,855,A309,G8194,L03323,M00851,N3643,M87851,Z8614,S24101A,R143,,,,,,,,0JC53ZZ,,,,,,,,,,10160.4,True
911f3c1fcd979d07,f1913903e1c06d16,2018-12-02T00:00:00.000-06:00,2018-12-07T00:00:00.000-06:00,670,N170,L89013,L97422,L97323,G802,A303,I110,E012,,,,,,,,,,,,,,,,,,,6000.4,False
bbb06977855a629c,6f6b19b9cb5a0cfe,2018-08-21T00:00:00.000-05:00,2018-08-22T00:00:00.000-05:00,0,K55031,R7303,R030,I119,I409,E783,M1851,G5620,I219,I222,Z01818,I75011,R845,,,,06724ZZ,05L44CZ,B300YZZ,B517YZA,,,,,,,27803.22,False
c441a40c27607fa3,c4bcf68884789b01,2017-01-04T00:00:00.000-06:00,2017-01-27T00:00:00.000-06:00,178,J441,L02212,F349,I360,E133319,R781,E770,E70321,B373,M62041,I2102,,I70248,I4589,,,0HPU77Z,,,,,,,,,,7.0,True
c441a40c27607fa3,697bd3dce9fc3fbc,2017-02-12T00:00:00.000-06:00,2017-03-03T00:00:00.000-06:00,197,J40,I50811,L02416,I072,Z6833,Z91419,I75013,F310,E7602,,,,,,,,,,,,,,,,,,8.0,True
c441a40c27607fa3,ee9f69a44069af32,2017-03-31T00:00:00.000-05:00,2017-04-16T00:00:00.000-05:00,248,I38,J211,F0633,J440,I208,E8881,I1311,E139,Z87891,,,,,,,,,,,,,,,,,,7.0,True
c441a40c27607fa3,5dea2dcf39cbd167,2017-12-31T00:00:00.000-06:00,2018-01-06T00:00:00.000-06:00,249,I130,J95850,G212,J9601,J438,J440,L0231,L02223,J9612,E099,I352,J1001,T7805XS,,L218,,5A09357,,,,,,,,,,1.0,True
c441a40c27607fa3,d99195da2dc17ca3,2018-01-30T00:00:00.000-06:00,2018-02-05T00:00:00.000-06:00,208,J432,R092,I349,I52,J441,J028,F1519,M10242,E781,I359,I129,F340,E119,,I5031,,,,,,,,,,,,3.0,True
c441a40c27607fa3,fcba677e3598e074,2018-02-14T00:00:00.000-06:00,2018-02-18T00:00:00.000-06:00,292,I152,J9611,J440,Z953,E139,F40298,F3010,,J0381,,,,,,,,,,,,,,,,,,2.0,True
c441a40c27607fa3,d1c1771ff8447972,2018-02-25T00:00:00.000-06:00,2018-02-27T00:00:00.000-06:00,206,J438,I368,J9622,I120,E784,,K316,,F19251,F3110,,,,,,,,,,,,,,,,,10.0,True
c441a40c27607fa3,744abe54f695a17d,2018-03-10T00:00:00.000-06:00,2018-03-16T00:00:00.000-05:00,299,I050,J9622,L02511,L03319,E70330,J42,I888,T400X3A,Z6911,B3322,I10,Z4681,,F201,E7221,,,,,,,,,,,,7.0,True
c441a40c27607fa3,b24c5965484a6147,2018-03-17T00:00:00.000-05:00,2018-03-20T00:00:00.000-05:00,165,J9620,I2510,J9601,J440,J9622,T401X3D,L244,,I8510,Z609,,F3131,I058,I119,Z6222,,,,,,,,,,,,6.0,True
c441a40c27607fa3,7d33528f999981a8,2018-03-29T00:00:00.000-05:00,2018-04-01T00:00:00.000-05:00,200,J9692,I2602,J42,E869,R939,I482,E871,L812,E119,F3013,Z8632,F19229,J9612,,,,,,,,,,,,,,8.0,True
c441a40c27607fa3,aabd6fad886029e7,2018-04-03T00:00:00.000-05:00,2018-04-08T00:00:00.000-05:00,238,I5021,J9611,I089,J9612,J439,I5020,E083419,,F16151,K2931,I221,I1310,F329,F413,M47811,,,,,,,,,,,,5.0,True
c441a40c27607fa3,82c47128a820e83e,2018-04-27T00:00:00.000-05:00,2018-04-30T00:00:00.000-05:00,200,J471,Z9911,J9610,I083,I5043,I4892,I160,R739,,I441,I701,F322,T400X4A,I5023,F201,,,,,,,,,,,,2.0,False
c441a40c27607fa3,6d72c0d24637b3ff,2018-05-01T00:00:00.000-05:00,2018-05-04T00:00:00.000-05:00,313,I2111,J9621,E875,J9601,F304,J42,J9690,J4552,,I2602,R7302,F18950,I070,I069,,,5A09357,,,,,,,,,,4.0,True
c441a40c27607fa3,d0165b383087ef8b,2018-05-05T00:00:00.000-05:00,2018-05-08T00:00:00.000-05:00,203,J438,T40901D,I151,I674,Z4681,D5780,M12262,R030,F488,E71312,,,,,,,,,,,,,,,,,5.0,True
c441a40c27607fa3,5475d2dcea257fed,2018-05-08T00:00:00.000-05:00,2018-06-03T00:00:00.000-05:00,180,J95850,A0222,I2724,J439,J9612,J95850,F201,B190,Z45010,E872,F16921,,I090,,I25118,,0DH58BZ,,,,,,,,,,2.0,True
c441a40c27607fa3,a48fe8e7e21c80e3,2018-06-05T00:00:00.000-05:00,2018-06-08T00:00:00.000-05:00,163,J9612,N319,J479,I369,E723,E71110,J849,F1514,R7309,F209,I1310,I5040,M1240,K228,B4481,,,,,,,,,,,,9.0,True
c441a40c27607fa3,a7a09b01a3b600e9,2018-06-26T00:00:00.000-05:00,2018-06-28T00:00:00.000-05:00,184,J438,A361,I308,E119,,,,,,,,,,,,,,,,,,,,,,,8.0,True
c441a40c27607fa3,67d96c51865bdb59,2018-07-04T00:00:00.000-05:00,2018-07-07T00:00:00.000-05:00,232,R000,J9620,J1189,J470,E878,,J80,I378,F309,R824,I69054,I8392,I70291,T400X1D,F209,,,,,,,,,,,,6.0,True
c441a40c27607fa3,12393d7134ad1932,2018-07-10T00:00:00.000-05:00,2018-07-12T00:00:00.000-05:00,189,J411,J9600,E871,I509,A0831,Z9981,J4530,,F5113,I2121,F2089,H61012,T405X4A,I1310,,,,,,,,,,,,,10.0,True
c441a40c27607fa3,fcad0da66628eece,2018-07-13T00:00:00.000-05:00,2018-07-19T00:00:00.000-05:00,194,J471,J200,R002,J9611,I70292,I50811,R7302,T40901S,Z1239,M5417,,,,,,,,,,,,,,,,,1.0,True
c441a40c27607fa3,afd167f32e1dd18c,2018-07-20T00:00:00.000-05:00,2018-07-21T00:00:00.000-05:00,165,J42,J9601,I21A1,F201,I495,I5032,F1324,D7289,,R1084,,,,,,,,,,,,,,,,,5.0,True
c441a40c27607fa3,72a48fcdafbf7980,2018-07-25T00:00:00.000-05:00,2018-07-27T00:00:00.000-05:00,184,J42,Z6835,I271,J9610,E771,,F14182,E781,I130,I348,I773,F3161,Z4781,I271,,,,,,,,,,,,,1.0,True
c441a40c27607fa3,d3c5fc545dee9242,2018-08-04T00:00:00.000-05:00,2018-08-10T00:00:00.000-05:00,201,J432,I152,R81,F1690,I228,I279,I70222,E780,I70291,E839,R1030,F321,,,,,,,,,,,,,,,2.0,True
c441a40c27607fa3,e08720817aab35bf,2018-09-17T00:00:00.000-05:00,2018-10-07T00:00:00.000-05:00,221,I4949,B380,J470,E700,E781,F11959,,I072,R739,Z651,K55032,,,,,,,,,,,,,,,,9.0,True
c441a40c27607fa3,1da3ad9e3ffaf4e9,2018-10-09T00:00:00.000-05:00,2018-10-11T00:00:00.000-05:00,167,J95850,I348,J204,I158,J479,F23,,J9692,E781,R824,I051,F3481,F40240,E709,E768,,,,,,,,,,,,1.0,True
c441a40c27607fa3,fcaf313f252ebcf8,2018-10-12T00:00:00.000-05:00,2018-10-15T00:00:00.000-05:00,182,J9622,I491,E872,E878,J479,J9690,F11951,R81,F3164,E8779,R454,L570,,,,,0WHQ7YZ,,,,,,,,,,2.0,False
c441a40c27607fa3,e8f5d5303b9f31a9,2018-10-16T00:00:00.000-05:00,2018-10-19T00:00:00.000-05:00,231,I161,J95850,J9601,J432,I234,K7200,T400X4A,E780,,,R834,K634,F418,I228,,,,,,,,,,,,,2.0,True
c441a40c27607fa3,87f4714869bd62d4,2018-10-21T00:00:00.000-05:00,2018-12-08T00:00:00.000-06:00,226,I427,I229,R0901,J9691,J42,F3342,J4530,I10,F19988,F209,B3321,R739,,Z9912,,,0BH17EZ,039H0ZX,,,,,,,,,5.0,True
d44ea147efacb0b5,d94c0506c8f02fd5,2017-10-22T00:00:00.000-05:00,2017-10-29T00:00:00.000-05:00,296,I5021,I2109,G320,I110,K669,M96621,D580,E783,N032,M1A0621,F0631,F40241,R781,,,,02130K9,02100ZF,039V4ZX,5A1D70Z,,,,,,,30798.84,False
d44ea147efacb0b5,7148fc385d7e5080,2017-10-29T00:00:00.000-05:00,2017-11-15T00:00:00.000-06:00,940,R859,R011,G2581,K5903,N014,I43,I1311,E782,I0989,G6182,D644,I83208,F325,,,,,,,,,,,,,,28697.22,False
d44ea147efacb0b5,d4a598990ba8ab3d,2018-01-03T00:00:00.000-06:00,2018-01-09T00:00:00.000-06:00,101,G113,G5693,J982,R002,E8771,N218,E7140,G9389,I078,F314,F22,I130,R1012,S948X9A,Z4582,,,,,,,,,,,,16225.92,True
d44ea147efacb0b5,a0c1a37c6f94827f,2018-07-19T00:00:00.000-05:00,2018-07-24T00:00:00.000-05:00,514,S92109D,J690,A1881,J9612,G9520,I280,Z73811,R871,M1A3111,,N46021,G3189,I4469,,I158,,0RSR35Z,,,,,,,,,,25191.18,True
1c60518fbde04a3b,0149b50aca7f27df,2017-07-05T00:00:00.000-05:00,2017-07-09T00:00:00.000-05:00,559,M21152,M5136,I161,E060,R87616,R192,,,,,,,,,,,0RG84K0,,0SG70ZZ,0RGM37Z,BQ2QZZZ,,,,,,4.0,False
2bad05685e420cea,ff0cc67951b6e710,2018-01-10T00:00:00.000-06:00,2018-01-14T00:00:00.000-06:00,353,K284,D561,D7582,R7309,I272,P043,Z202,I110,K219,M11872,F10988,I281,E0541,K8037,K2211,,0D998ZX,,,,,,,,,,5655.28,True
2bad05685e420cea,095dc21ac23a9724,2018-04-09T00:00:00.000-05:00,2018-04-11T00:00:00.000-05:00,351,K625,K750,D501,K22711,E860,F1094,F10182,I234,R7301,I152,I2724,E0541,K223,E7209,Z6826,,0DB17ZX,,,,,,,,,,6250.71,True
2bad05685e420cea,f7be727443af51a0,2018-05-31T00:00:00.000-05:00,2018-06-03T00:00:00.000-05:00,378,K250,D509,K7200,I82712,K717,I422,Z954,K440,I1311,E032,R81,K261,K261,K5781,A3953,,,,,,,,,,,,6602.43,True
ba865b13442978f1,ee7adb8ad31dae4a,2017-12-01T00:00:00.000-06:00,2017-12-03T00:00:00.000-06:00,881,G308,G40911,K661,I110,C260,Z636,,,,,,,,,,,,,,,,,,,,,3874.58,True
ba865b13442978f1,82500472b36fddf6,2018-01-07T00:00:00.000-06:00,2018-01-12T00:00:00.000-06:00,39,I6031,Z9351,G2401,R1310,E7409,G308,G40B11,R9081,,M79A11,I161,R939,E874,A228,R87616,,,,,,,,,,,,6529.49,True
2a455526a75a2124,d97598b8549afe1d,2018-12-13T00:00:00.000-06:00,2018-12-14T00:00:00.000-06:00,895,K7030,Z1619,G608,D692,I674,E781,H5509,M05652,,K469,,Z72810,Z565,D598,,,,,,,,,,,,,1010.85,False
2a455526a75a2124,39ce6071873a6573,2018-12-14T00:00:00.000-06:00,2018-12-18T00:00:00.000-06:00,185,J0130,G5641,F10229,D6859,I119,E785,M24621,,E099,,H0520,G9340,,,,,,,,,,,,,,,8188.42,False
2a455526a75a2124,e55f2ea7184cce1d,2018-12-18T00:00:00.000-06:00,2019-01-02T00:00:00.000-06:00,89,F09,J1183,G311,R7989,B429,D6851,K702,I10,E7801,H11441,H5005,D5701,,R453,N056,,,,,,,,,,,,14411.5,False
3387f1b14308af35,8d7e6840cf5dc9e3,2017-05-18T00:00:00.000-05:00,2017-05-22T00:00:00.000-05:00,466,M21059,M47896,G5621,R783,,,,,,,,,,,,,0RG40J1,0S520ZZ,0RGW34Z,0RG23AJ,,,,,,,9.0,False
3387f1b14308af35,09f057344601ae07,2018-12-07T00:00:00.000-06:00,2018-12-10T00:00:00.000-06:00,895,T40993D,F332,R9081,M2040,R893,N200,,,,,,,,,,,HZ39ZZZ,,,,,,,,,,18.27,False
40731d7929ea2eea,6f2d9d1152fe124b,2017-05-06T00:00:00.000-05:00,2017-05-13T00:00:00.000-05:00,486,M19142,I75029,E7143,E68,,F325,,I150,,J385,K271,I742,,M6008,Z469,,0RU60JZ,,,,,,,,,,9.0,False
40731d7929ea2eea,c0be591750216077,2018-06-26T00:00:00.000-05:00,2018-06-26T00:00:00.000-05:00,92,I63232,I2541,Z1273,I152,E784,E139,Z86718,T7801XA,K2270,,M25611,,M6799,R1905,R10814,,,,,,,,,,,,1.0,True
5652bbbc248bf82f,210f603a3fad2193,2018-05-15T00:00:00.000-05:00,2018-05-18T00:00:00.000-05:00,467,S52092M,S52264F,D696,R81,I159,F19122,I776,S63634A,,,,,,,,,0QHJ0CZ,0SW000Z,,,,,,,,,3569.61,True
bcce7a564f07c151,9c620a7414537975,2018-02-19T00:00:00.000-06:00,2018-02-21T00:00:00.000-06:00,264,Z950,Z8659,Z483,,,,,,,,,,,,,,5A12012,,,,,,,,,,1952.08,False
e81cab6a02a698f2,8abc61a35b0fab40,2018-01-06T00:00:00.000-06:00,2018-01-08T00:00:00.000-06:00,41,I69133,I011,H02045,A381,T85391A,I1310,J4522,E7801,H7440,G40804,I421,M25041,E7021,D890,R12,,,,,,,,,,,,6396.38,True
e81cab6a02a698f2,167015b757beb8dc,2018-11-01T00:00:00.000-05:00,2018-11-02T00:00:00.000-05:00,225,I236,I2602,R079,Z932,M08431,E7439,E7419,I5030,E781,R10814,K558,M6508,Z87891,K5533,,,02714EZ,B218YZZ,B215YZZ,B2161ZZ,,,,,,,14062.98,True
e81cab6a02a698f2,10794242f2a524ef,2018-11-03T00:00:00.000-05:00,2018-11-06T00:00:00.000-06:00,80,I63033,I311,I361,R833,Z73811,E7412,E83118,E7801,I10,I4581,,,,,,,BR49ZZZ,,,,,,,,,,6291.69,True
065c6d88df8f48d7,ddd906f0b8a16ac5,2018-09-25T00:00:00.000-05:00,2018-10-02T00:00:00.000-05:00,290,I515,D594,T85620A,I514,,,,,,,,,,,,,0211093,02100Z9,02HT40Z,5A15223,,,,,,,21055.94,False
275a5354b326f888,ee60711e0babed3f,2018-10-28T00:00:00.000-05:00,2018-10-29T00:00:00.000-05:00,216,I492,R350,E7029,I70535,R4582,E071,E7801,,,,,,,,,,0271376,B212Y10,BF43ZZZ,,,,,,,,18289.78,False
572abb866aca7ebd,8e43b92593da3bef,2017-08-25T00:00:00.000-05:00,2017-08-27T00:00:00.000-05:00,872,A64,G5733,E870,R3981,J479,D5740,I130,R7303,A1816,R5084,K55039,Z48288,N159,,,,,,,,,,,,,,11748.5,True
572abb866aca7ebd,4f7a9d825e24d394,2018-05-06T00:00:00.000-05:00,2018-05-11T00:00:00.000-05:00,656,R39192,I421,I249,J471,R54,Z6843,E8770,E614,I110,E878,R944,G3189,E663,H47529,F24,,,,,,,,,,,,5302.61,True
572abb866aca7ebd,f8c565211022cd08,2018-09-03T00:00:00.000-05:00,2018-09-13T00:00:00.000-05:00,38,G40A11,G913,N014,Z9911,I425,I2729,R301,E873,N340,F0281,I159,E872,R895,E139,R942,,4A1004Z,4A1074Z,5A09457,,,,,,,,9258.02,True
5ade79e8b90be549,0fdaf3527805d313,2018-12-22T00:00:00.000-06:00,2018-12-22T00:00:00.000-06:00,201,J690,N262,Z950,F0150,F070,I69932,,,,,,,,,,,,,,,,,,,,,1841.15,False
5d4c5f85988a0a76,b87c9a5c26c5d16e,2018-08-03T00:00:00.000-05:00,2018-08-06T00:00:00.000-05:00,561,M25312,R294,,,,,,,,,,,,,,,0SUL3KZ,0K9T40Z,,,,,,,,,15861.6,False
84b4af0a52504eba,da38a8bcfbf84158,2018-11-28T00:00:00.000-06:00,2018-11-29T00:00:00.000-06:00,886,F29,R7301,I119,K222,J45902,Z368A,T7802XS,J305,L272,T400X5S,F607,,,,,,,,,,,,,,,,6708.09,True
50a3f1fa2296207f,7202d6b5a2969297,2018-10-28T00:00:00.000-05:00,2018-10-30T00:00:00.000-05:00,0,I311,Z005,Z6832,M3313,G3101,E7021,E782,I674,T400X3S,,F332,I519,J470,M67242,K469,,02UG08E,B201YZZ,B3101ZZ,,,,,,,,30835.77,False
99af9d230f1a2a1c,26252cb6872b148c,2017-01-04T00:00:00.000-06:00,2017-01-08T00:00:00.000-06:00,539,S92516S,S52616C,G2571,S89202P,D613,G1224,N262,F3163,K2950,F40233,D680,G610,E7511,,,,,,,30233T0,,,,,,,15704.99,True
a6135b2df202e9ef,68d9631c36080ce9,2018-04-21T00:00:00.000-05:00,2018-04-24T00:00:00.000-05:00,674,N044,D5701,E109,E781,I110,K2900,Z44002,D011,C44521,C6310,,,,,,,,,,,,,,,,,3717.96,False
a6135b2df202e9ef,c81b009e9e936c85,2018-04-21T00:00:00.000-05:00,2018-04-21T00:00:00.000-05:00,686,N132,E8770,R828,I152,R7303,E781,K3183,C189,C609,C44399,,,,,,,,,,,,,,,,,2680.46,True
f4abaea27dc13648,185d6f61427e870a,2017-07-13T00:00:00.000-05:00,2017-07-16T00:00:00.000-05:00,471,M06831,N004,E782,B957,I129,C6290,Z85038,,,,,,,,,,0SRR039,,,,,,,,,,15110.41,False
f4abaea27dc13648,3a18a1821e907470,2018-11-14T00:00:00.000-06:00,2018-11-17T00:00:00.000-06:00,458,M08022,I152,E781,C6311,,,,,,,,,,,,,0SRB0JA,,,,,,,,,,16416.0,False
